Time,voltage,current,power,TH
0.001,28.359,2.2251,63.1016109,25.5
0.31063,28.345,2.2014,62.398683,25.5
0.7104,28.339,2.1807,61.7988573,25.56
1.09637,28.336,2.1619,61.2595984,25.75
1.50007,28.338,2.1445,60.770841,26
1.90464,28.344,2.1283,60.3245352,26.69
2.29167,28.352,2.1131,59.9106112,27.06
2.69518,28.364,2.0988,59.5303632,27.5
3.0842,28.376,2.0851,59.1667976,28.06
3.48764,28.388,2.072,58.819936,29.25
3.89078,28.4,2.0593,58.48412,29.94
4.28319,28.414,2.0472,58.1691408,30.69
4.67378,28.429,2.0355,57.8672295,32.25
5.07692,28.444,2.0242,57.5763448,33
5.48263,28.458,2.0132,57.2916456,33.88
5.87326,28.472,2.0025,57.01518,35.56
6.2755,28.485,1.992,56.74212,36.31
6.6658,28.5,1.9819,56.48415,37.25
7.0711,28.515,1.9721,56.2344315,38.19
7.46639,28.529,1.9624,55.9853096,39.88
7.85591,28.542,1.953,55.742526,40.88
8.2588,28.555,1.9437,55.5023535,41.75
8.649,28.569,1.9346,55.2695874,43.5
9.0529,28.582,1.9258,55.0432156,44.56
9.45291,28.596,1.9172,54.8242512,45.5
9.84151,28.608,1.9086,54.6012288,47.31
10.24362,28.62,1.9003,54.386586,48.38
10.64925,28.633,1.8921,54.1764993,49.31
11.04191,28.645,1.8841,53.9700445,50.31
11.44605,28.658,1.8763,53.7710054,52.38
11.83355,28.67,1.8685,53.569895,53.38
12.23906,28.681,1.8608,53.3696048,54.38
12.62653,28.691,1.8533,53.1730303,56.5
13.03051,28.703,1.846,52.985738,57.56
13.41951,28.714,1.8388,52.7993032,58.56
13.82452,28.725,1.8317,52.6155825,60.75
14.2146,28.735,1.8247,52.4327545,61.75
14.61687,28.745,1.8178,52.252661,62.69
15.01839,28.756,1.811,52.077116,63.69
15.40753,28.766,1.8044,51.9053704,65.56
15.81334,28.777,1.7978,51.7352906,66.44
16.21371,28.787,1.7913,51.5661531,67.37
16.611,28.796,1.7849,51.3979804,69.12
17.01154,28.806,1.7786,51.2343516,69.94
17.39982,28.815,1.7725,51.0745875,70.81
17.80261,28.825,1.7664,50.91648,72.44
18.19233,28.833,1.7603,50.7547299,73.19
18.59729,28.842,1.7544,50.6004048,74.06
18.98653,28.85,1.7485,50.444225,75.56
19.3908,28.859,1.7428,50.2954652,76.31
19.79469,28.868,1.7371,50.1466028,77.12
20.18269,28.877,1.7315,50.0005255,78.62
20.58979,28.885,1.726,49.85551,79.31
20.98165,28.893,1.7205,49.7104065,80.06
21.381,28.901,1.7151,49.5681051,80.75
21.7713,28.91,1.7098,49.430318,82
22.17592,28.918,1.7046,49.2936228,82.75
22.56425,28.925,1.6994,49.155145,83.37
22.96832,28.933,1.6942,49.0182886,84.62
23.37245,28.94,1.6892,48.885448,85.31
23.76397,28.948,1.6843,48.7571164,85.94
24.16862,28.956,1.6794,48.6287064,87.12
24.5568,28.963,1.6745,48.4985435,87.75
24.96246,28.97,1.6696,48.368312,88.37
25.35059,28.977,1.6649,48.2438073,88.94
25.75488,28.984,1.6603,48.1221352,90.12
26.15601,28.992,1.6556,47.9991552,90.75
26.545,28.998,1.6511,47.8785978,91.31
26.94727,29.005,1.6465,47.7567325,92.37
27.3358,29.011,1.6421,47.6389631,92.94
27.74034,29.018,1.6377,47.5227786,93.5
28.12992,29.025,1.6333,47.4065325,94
28.53246,29.031,1.629,47.291499,95.12
28.93745,29.038,1.6247,47.1780386,95.62
29.32857,29.044,1.6205,47.065802,96.25
29.7217,29.05,1.6164,46.95642,97.44
30.12659,29.056,1.6123,46.8469888,97.94
30.52862,29.062,1.6082,46.7375084,98.56
30.91731,29.069,1.6042,46.6324898,99.75
31.32523,29.074,1.6002,46.5242148,100.25
31.71242,29.08,1.5963,46.420404,100.87
32.11579,29.085,1.5924,46.314954,102
32.50435,29.091,1.5886,46.2139626,102.5
32.90836,29.097,1.5848,46.1129256,103.19
33.31341,29.102,1.581,46.010262,103.75
33.70121,29.108,1.5773,45.9120484,104.81
34.10012,29.114,1.5736,45.8137904,105.44
34.50422,29.119,1.57,45.71683,106
34.90124,29.124,1.5664,45.6198336,107
35.28862,29.129,1.5628,45.5228012,107.56
35.69221,29.134,1.5593,45.4286462,108.12
36.0947,29.139,1.5558,45.3344562,109.19
36.48326,29.145,1.5524,45.244698,109.69
36.8895,29.15,1.549,45.15335,110.25
37.27627,29.155,1.5456,45.061968,111.19
37.68181,29.16,1.5422,44.970552,111.75
38.08435,29.165,1.5389,44.8820185,112.25
38.47254,29.169,1.5356,44.7919164,112.75
38.87588,29.174,1.5324,44.7062376,113.75
39.26374,29.179,1.5292,44.6205268,114.25
39.667,29.184,1.526,44.534784,114.75
40.06986,29.188,1.5228,44.4474864,115.69
40.46016,29.193,1.5197,44.3646021,116.19
40.86384,29.197,1.5166,44.2801702,116.62
41.2527,29.202,1.5137,44.2030674,117.06
41.65359,29.206,1.5107,44.1215042,118.12
42.05851,29.21,1.5079,44.045759,118.75
42.4481,29.215,1.505,43.968575,119.37
42.85176,29.219,1.5022,43.8927818,121.25
43.24167,29.223,1.4994,43.8169662,122.19
43.64538,29.227,1.4966,43.7411282,123.25
44.0474,29.231,1.4938,43.6652678,125.87
44.43668,29.235,1.4911,43.5923085,127.19
44.83503,29.238,1.4884,43.5178392,128.56
45.23733,29.242,1.4857,43.4448394,132
45.62755,29.246,1.483,43.371818,133.63
46.03167,29.25,1.4804,43.3017,135.13
46.43466,29.254,1.4778,43.2315612,136.81
46.82786,29.258,1.4752,43.1614016,139.81
47.21468,29.261,1.4726,43.0897486,141.38
47.61918,29.265,1.47,43.01955,142.81
48.02497,29.269,1.4675,42.9522575,145.38
48.41372,29.272,1.465,42.88348,146.69
48.81572,29.276,1.4625,42.81615,147.88
49.21654,29.28,1.4601,42.751728,150
49.60082,29.284,1.4576,42.6843584,151.13
50.00325,29.287,1.4552,42.6184424,152.19
50.40357,29.29,1.4528,42.552512,154.06
50.79748,29.294,1.4504,42.4880176,155
51.19988,29.297,1.448,42.422056,155.94
51.60329,29.3,1.4457,42.35901,157.63
51.99523,29.303,1.4434,42.2959502,158.5
52.38481,29.306,1.4411,42.2328766,159.44
52.78736,29.31,1.4388,42.171228,160.31
53.18935,29.313,1.4366,42.1110558,162
53.57698,29.316,1.4343,42.0479388,162.81
53.98283,29.319,1.4321,41.9877399,163.63
54.38212,29.322,1.4299,41.9275278,165.31
54.76956,29.326,1.4277,41.8687302,166.19
55.1733,29.329,1.4255,41.8084895,166.94
55.5791,29.332,1.4234,41.7511688,167.63
55.96767,29.335,1.4212,41.690902,169.19
56.3739,29.338,1.4191,41.6335558,169.88
56.76051,29.341,1.417,41.576197,170.56
57.16977,29.344,1.4149,41.5188256,172.06
57.55961,29.347,1.4129,41.4643763,172.75
57.96343,29.35,1.4108,41.40698,173.38
58.35368,29.353,1.4088,41.3525064,174.75
58.75389,29.355,1.4068,41.296614,175.44
59.1586,29.358,1.4048,41.2421184,176.06
59.54858,29.361,1.4028,41.1876108,177.5
59.94958,29.364,1.4008,41.1330912,178.13
60.33857,29.367,1.3989,41.0814963,178.75
60.74169,29.369,1.3969,41.0255561,180.13
61.14278,29.372,1.395,40.97394,180.75
61.53504,29.375,1.3931,40.9223125,181.31
61.93875,29.377,1.3912,40.8692824,181.94
62.32465,29.38,1.3893,40.817634,183.13
62.72999,29.383,1.3875,40.7689125,183.75
63.13169,29.386,1.3856,40.7172416,184.38
63.52099,29.389,1.3838,40.6684982,185.5
63.92164,29.391,1.382,40.618362,186
64.32379,29.394,1.3801,40.5666594,186.63
64.72277,29.397,1.3784,40.5208248,187.69
65.10885,29.399,1.3766,40.4706634,188.19
65.51229,29.402,1.3748,40.4218696,188.81
65.91606,29.404,1.3731,40.3746324,189.38
66.30327,29.406,1.3713,40.3244478,190.5
66.70773,29.409,1.3696,40.2785664,191.06
67.11099,29.411,1.3679,40.2313069,191.56
67.49945,29.413,1.3662,40.1840406,192.56
67.89856,29.415,1.3645,40.1367675,193.06
68.29989,29.418,1.3628,40.0908504,193.56
68.70189,29.42,1.3612,40.046504,194.06
69.09128,29.423,1.3595,40.0005685,195.13
69.49367,29.425,1.3579,39.9562075,195.63
69.88167,29.428,1.3562,39.9102536,196.13
70.2863,29.43,1.3546,39.865878,197.13
70.68506,29.432,1.353,39.821496,197.56
71.07342,29.435,1.3515,39.7814025,198
71.47735,29.437,1.3499,39.7370063,198.94
71.8784,29.439,1.3483,39.6926037,199.38
72.26916,29.442,1.3468,39.6524856,199.75
72.67359,29.444,1.3452,39.6080688,200.69
73.06365,29.446,1.3437,39.5665902,201.06
73.46752,29.448,1.3422,39.5251056,201.44
73.8573,29.45,1.3406,39.48067,202.38
74.26131,29.451,1.3391,39.4378341,202.75
74.66588,29.454,1.3377,39.4006158,203.13
75.05277,29.456,1.3362,39.3591072,204.06
75.46127,29.458,1.3347,39.3175926,204.5
75.84927,29.46,1.3333,39.279018,204.88
76.25227,29.462,1.3318,39.2374916,205.31
76.64199,29.465,1.3304,39.200236,206.13
77.04706,29.467,1.329,39.161643,206.44
77.44861,29.468,1.3275,39.11877,206.81
77.8367,29.471,1.3261,39.0814931,207.5
78.24155,29.473,1.3247,39.0428831,207.81
78.6428,29.475,1.3234,39.007215,208.25
79.02911,29.476,1.322,38.967272,208.63
79.43597,29.479,1.3206,38.9299674,209.25
79.82384,29.48,1.3193,38.892964,209.63
80.227,29.482,1.3179,38.8543278,210
80.63149,29.484,1.3166,38.8186344,210.63
81.01954,29.486,1.3153,38.7829358,211
81.41175,29.488,1.314,38.747232,211.31
81.81528,29.489,1.3126,38.7072614,212
82.22265,29.491,1.3114,38.6744974,212.38
82.61241,29.493,1.3101,38.6387793,212.75
83.01602,29.495,1.3088,38.603056,213.5
83.4041,29.497,1.3075,38.5673275,213.88
83.81049,29.498,1.3063,38.5332374,214.25
84.19794,29.5,1.305,38.4975,214.63
84.6027,29.502,1.3038,38.4647076,215.31
84.99817,29.504,1.3025,38.42896,215.63
85.39996,29.506,1.3013,38.3961578,216
85.80095,29.507,1.3001,38.3620507,216.69
86.18927,29.509,1.2989,38.3292401,217.06
86.58938,29.511,1.2977,38.2964247,217.38
86.99336,29.512,1.2965,38.262308,218.06
87.3827,29.514,1.2953,38.2294842,218.44
87.78478,29.516,1.2941,38.1966556,218.81
88.17566,29.517,1.2929,38.1625293,219.13
88.58179,29.519,1.2917,38.1296923,219.81
88.97055,29.521,1.2906,38.0998026,220.13
89.37442,29.522,1.2895,38.068619,220.5
89.764,29.524,1.2883,38.0357692,221.19
90.16896,29.525,1.2872,38.00458,221.56
90.57393,29.527,1.2861,37.9746747,221.94
90.96427,29.529,1.2849,37.9418121,222.63
91.35378,29.53,1.2838,37.910614,222.94
91.75555,29.532,1.2827,37.8806964,223.31
92.15843,29.534,1.2816,37.8507744,223.63
92.55951,29.536,1.2805,37.820848,224.25
92.94854,29.537,1.2794,37.7896378,224.63
93.35386,29.538,1.2784,37.7613792,224.94
93.74254,29.54,1.2773,37.731442,225.56
94.14679,29.541,1.2762,37.7002242,225.94
94.53663,29.542,1.2752,37.6719584,226.25
94.94162,29.544,1.2741,37.6420104,226.88
95.34603,29.546,1.2731,37.6150126,227.25
95.7372,29.547,1.2721,37.5867387,227.56
96.12777,29.548,1.271,37.555508,228.25
96.5326,29.55,1.27,37.5285,228.56
96.93559,29.551,1.269,37.500219,228.94
97.32399,29.553,1.268,37.473204,229.63
97.73173,29.554,1.267,37.444918,230
98.12172,29.556,1.266,37.417896,230.38
98.52594,29.557,1.265,37.389605,230.69
98.9156,29.559,1.2641,37.3655319,231.44
99.32051,29.56,1.2631,37.337236,231.75
99.70953,29.561,1.2621,37.3089381,232.06
100.11055,29.563,1.2612,37.2848556,232.81
100.51565,29.564,1.2602,37.2565528,233.19
100.9054,29.565,1.2593,37.2312045,233.56
101.31011,29.567,1.2583,37.2041561,233.94
101.69807,29.568,1.2574,37.1788032,234.81
102.10035,29.569,1.2565,37.1534485,235.19
102.48958,29.57,1.2555,37.125135,235.56
102.89335,29.572,1.2546,37.1010312,236.44
103.2926,29.573,1.2537,37.0756701,236.81
103.68936,29.574,1.2528,37.0503072,237.25
104.09488,29.575,1.2519,37.0249425,238.06
104.48255,29.577,1.251,37.000827,238.44
104.88897,29.578,1.2501,36.9754578,238.81
105.27866,29.58,1.2492,36.951336,239.5
105.6834,29.581,1.2484,36.9289204,239.88
106.07257,29.583,1.2475,36.9047925,240.25
106.47676,29.584,1.2466,36.8794144,240.63
106.86645,29.585,1.2458,36.856993,241.25
107.26964,29.586,1.2449,36.8316114,241.56
107.67447,29.588,1.244,36.807472,241.88
108.06219,29.588,1.2432,36.7838016,242.56
108.46605,29.589,1.2423,36.7584147,242.81
108.85667,29.59,1.2415,36.735985,243.13
109.26031,29.592,1.2407,36.7147944,243.75
109.6495,29.593,1.2399,36.6923607,244.06
110.05179,29.594,1.239,36.666966,244.38
110.45611,29.595,1.2382,36.644529,245
110.84422,29.596,1.2374,36.6220904,245.38
111.25171,29.598,1.2366,36.6008868,245.69
111.64063,29.599,1.2358,36.5784442,246
112.04514,29.6,1.235,36.556,246.63
112.43267,29.601,1.2342,36.5335542,246.94
112.83809,29.602,1.2335,36.514067,247.25
113.24194,29.603,1.2327,36.4916181,247.81
113.63161,29.604,1.2319,36.4691676,248.13
114.03616,29.605,1.2311,36.4467155,248.44
114.42491,29.607,1.2304,36.4284528,248.88
114.82846,29.608,1.2296,36.4059968,249.13
115.21829,29.608,1.2289,36.3852712,249.38
115.62164,29.61,1.2281,36.364041,249.63
116.01446,29.611,1.2273,36.3415803,250.25
116.41691,29.611,1.2266,36.3208526,250.5
116.82161,29.613,1.2259,36.3025767,250.81
117.21312,29.614,1.2251,36.2801114,251.31
117.61468,29.615,1.2244,36.260606,251.56
118.00507,29.616,1.2237,36.2410992,251.81
118.40477,29.617,1.2229,36.2186293,252.44
118.79485,29.618,1.2222,36.1991196,252.69
119.19848,29.619,1.2215,36.1796085,252.94
119.60051,29.62,1.2208,36.160096,253.44
120.00007,29.621,1.2201,36.1405821,253.75
120.39856,29.622,1.2194,36.1210668,253.94
120.78554,29.623,1.2187,36.1015501,254.25
121.1919,29.624,1.218,36.082032,254.75
121.58061,29.625,1.2173,36.0625125,255
121.98695,29.626,1.2166,36.0429916,255.25
122.37702,29.627,1.216,36.026432,255.75
122.78164,29.628,1.2153,36.0069084,256
123.18361,29.628,1.2146,35.9861688,256.31
123.57269,29.63,1.2139,35.967857,256.88
123.97576,29.63,1.2133,35.950079,257.13
124.36506,29.631,1.2126,35.9305506,257.38
124.7685,29.632,1.2119,35.9110208,257.81
125.17332,29.633,1.2113,35.8944529,258.06
125.56334,29.634,1.2106,35.8749204,258.31
125.96725,29.635,1.21,35.85835,258.56
126.35365,29.636,1.2094,35.8417784,259.06
126.76087,29.637,1.2087,35.8222419,259.31
127.16262,29.638,1.2081,35.8056678,259.56
127.55154,29.639,1.2074,35.7861286,260.06
127.95477,29.64,1.2068,35.769552,260.31
128.34145,29.64,1.2062,35.751768,260.5
128.74466,29.641,1.2056,35.7351896,260.69
129.14577,29.642,1.2049,35.7156458,261.13
129.53567,29.643,1.2043,35.6990649,261.31
129.93905,29.644,1.2037,35.6824828,261.5
130.3285,29.645,1.2031,35.6658995,262
130.73394,29.646,1.2025,35.649315,262.25
131.13807,29.647,1.2019,35.6327293,262.44
131.52718,29.648,1.2013,35.6161424,262.94
131.92768,29.648,1.2007,35.5983536,263.19
132.31725,29.649,1.2001,35.5817649,263.38
132.7224,29.65,1.1995,35.565175,263.75
133.12655,29.651,1.199,35.551549,264
133.51915,29.651,1.1984,35.5337584,264.25
133.91208,29.652,1.1978,35.5171656,264.75
134.31685,29.653,1.1972,35.5005716,264.94
134.71592,29.654,1.1967,35.4869418,265.13
135.10417,29.655,1.1961,35.4703455,265.38
135.50964,29.655,1.1955,35.4525525,265.69
135.89785,29.656,1.195,35.43892,265.88
136.29751,29.657,1.1944,35.4223208,266.06
136.69641,29.658,1.1938,35.4057204,266.44
137.10021,29.659,1.1933,35.3920847,266.63
137.49613,29.659,1.1927,35.3742893,266.81
137.89461,29.661,1.1922,35.3618442,267.06
138.29634,29.661,1.1916,35.3440476,267.5
138.68684,29.662,1.1911,35.3304082,267.69
139.09335,29.663,1.1906,35.3167678,267.88
139.48346,29.664,1.19,35.30016,268.25
139.88563,29.664,1.1895,35.285328,268.5
140.27269,29.665,1.189,35.271685,268.69
140.67634,29.665,1.1885,35.2568525,269.06
141.09137,29.666,1.1879,35.2402414,269.25
141.47355,29.667,1.1874,35.2265958,269.44
141.87678,29.668,1.1869,35.2129492,269.75
142.26575,29.668,1.1864,35.1981152,269.94
142.67075,29.669,1.1859,35.1844671,270.06
143.06122,29.67,1.1853,35.167851,270.31
143.46549,29.67,1.1848,35.153016,270.69
143.85541,29.671,1.1843,35.1393653,270.81
144.26018,29.672,1.1838,35.1257136,270.94
144.66064,29.673,1.1833,35.1120609,271.38
145.05274,29.674,1.1828,35.0984072,271.5
145.45773,29.674,1.1823,35.0835702,271.69
145.84509,29.675,1.1818,35.069915,272.06
146.24951,29.676,1.1814,35.0592264,272.31
146.63742,29.677,1.1809,35.0455693,272.44
147.04057,29.677,1.1804,35.0307308,272.88
147.43843,29.678,1.1799,35.0170722,273.06
147.8407,29.678,1.1794,35.0022332,273.25
148.23363,29.679,1.179,34.991541,273.44
148.63965,29.679,1.1785,34.9767015,273.81
149.02845,29.68,1.178,34.96304,274
149.43159,29.681,1.1776,34.9523456,274.19
149.81864,29.682,1.1771,34.9386822,274.44
150.22268,29.682,1.1766,34.9238412,274.56
150.62488,29.683,1.1762,34.9131446,274.69
151.01338,29.683,1.1757,34.8983031,274.81
151.41757,29.684,1.1753,34.8876052,275.13
151.82223,29.685,1.1748,34.873938,275.31
152.21153,29.686,1.1743,34.8602698,275.5
152.60465,29.686,1.1739,34.8483954,275.81
153.00818,29.687,1.1734,34.8347258,276
153.41051,29.688,1.173,34.824024,276.19
153.80368,29.688,1.1726,34.8121488,276.56
154.20789,29.689,1.1721,34.7984769,276.75
154.59681,29.689,1.1717,34.7866013,276.88
155.00033,29.69,1.1713,34.775897,277.19
155.38852,29.69,1.1708,34.761052,277.38
155.79322,29.691,1.1704,34.7503464,277.56
156.19558,29.691,1.17,34.73847,277.81
156.58082,29.692,1.1695,34.724794,278
156.98852,29.693,1.1691,34.7140863,278.19
157.37743,29.693,1.1687,34.7022091,278.44
157.78158,29.694,1.1683,34.6915002,278.56
158.18529,29.695,1.1679,34.6807905,278.69
158.5735,29.695,1.1675,34.6689125,278.88
158.97854,29.696,1.1671,34.6582016,279.13
159.36583,29.697,1.1666,34.6445202,279.31
159.76962,29.697,1.1662,34.6326414,279.44
160.17329,29.698,1.1658,34.6219284,279.81
160.56271,29.699,1.1654,34.6112146,279.94
160.96841,29.699,1.165,34.599335,280.13
161.35735,29.7,1.1646,34.58862,280.31
161.76445,29.7,1.1642,34.57674,280.56
162.1527,29.701,1.1638,34.5660238,280.69
162.55896,29.701,1.1635,34.5571135,280.88
162.94504,29.702,1.1631,34.5463962,281.13
163.35487,29.702,1.1627,34.5345154,281.25
163.74331,29.703,1.1623,34.5237969,281.38
164.14576,29.703,1.1619,34.5119157,281.63
164.54968,29.704,1.1615,34.501196,281.75
164.93859,29.704,1.1612,34.4922848,281.88
165.34422,29.705,1.1608,34.481564,282.06
165.7347,29.706,1.1604,34.4708424,282.31
166.13758,29.706,1.16,34.45896,282.44
166.52703,29.707,1.1597,34.4512079,282.56
166.93264,29.708,1.1593,34.4404844,282.81
167.32475,29.708,1.1589,34.4286012,283
167.72978,29.709,1.1586,34.4208474,283.13
168.11842,29.709,1.1582,34.4089638,283.38
168.52269,29.71,1.1578,34.398238,283.5
168.91377,29.71,1.1575,34.389325,283.69
169.32133,29.711,1.1571,34.3785981,283.94
169.71071,29.711,1.1567,34.3667137,284.06
170.11342,29.711,1.1564,34.3578004,284.19
170.50424,29.712,1.156,34.347072,284.31
170.90845,29.712,1.1557,34.3381584,284.56
171.29776,29.713,1.1553,34.3274289,284.69
171.69729,29.713,1.155,34.318515,284.81
172.10164,29.714,1.1546,34.3077844,285.06
172.50552,29.715,1.1543,34.3000245,285.19
172.89629,29.715,1.1539,34.2881385,285.25
173.29932,29.716,1.1536,34.2803776,285.5
173.68688,29.716,1.1533,34.2714628,285.63
174.09198,29.716,1.1529,34.2595764,285.75
174.49198,29.717,1.1526,34.2518142,285.88
174.88756,29.717,1.1523,34.2428991,286.13
175.2759,29.718,1.1519,34.2321642,286.25
175.67788,29.718,1.1518,34.2291924,286.38
175.8796,29.719,1.1516,34.2244004,286.38
176.08092,29.719,1.1514,34.2184566,286.5
176.28548,29.719,1.1513,34.2154847,286.63
176.47176,29.719,1.1511,34.2095409,286.63
176.67363,29.719,1.1509,34.2035971,286.75
176.87689,29.72,1.1507,34.198804,286.81
177.07981,29.72,1.1506,34.195832,286.81
177.26441,29.72,1.1504,34.189888,286.94
177.46717,29.72,1.1503,34.186916,287
177.66846,29.72,1.1501,34.180972,287
177.87187,29.721,1.1499,34.1761779,287.13
178.07374,29.721,1.1498,34.1732058,287.25
178.2605,29.721,1.1496,34.1672616,287.25
178.46355,29.721,1.1495,34.1642895,287.38
178.66933,29.721,1.1493,34.1583453,287.44
178.85602,29.722,1.1491,34.1535502,287.44
179.05722,29.722,1.149,34.150578,287.5
179.258,29.722,1.1488,34.1446336,287.63
179.46041,29.722,1.1486,34.1386892,287.63
179.66064,29.722,1.1485,34.135717,287.75
179.86261,29.723,1.1483,34.1309209,287.75
180.04955,29.723,1.1482,34.1279486,287.88
180.25192,29.723,1.148,34.122004,288
180.45617,29.723,1.1479,34.1190317,288
180.65738,29.724,1.1477,34.1142348,288.06
180.85759,29.724,1.1476,34.1112624,288.19
181.04461,29.724,1.1474,34.1053176,288.19
181.24689,29.724,1.1473,34.1023452,288.25
181.45045,29.725,1.1471,34.0975475,288.38
181.65364,29.725,1.147,34.094575,288.38
181.85264,29.725,1.1468,34.08863,288.5
182.03882,29.725,1.1467,34.0856575,288.63
182.2422,29.726,1.1465,34.080859,288.63
182.44459,29.726,1.1463,34.0749138,288.75
182.64754,29.726,1.1462,34.0719412,288.75
182.84679,29.727,1.1461,34.0701147,288.88
183.04657,29.727,1.1459,34.0641693,289
183.23333,29.727,1.1458,34.0611966,289
183.43477,29.727,1.1456,34.0552512,289.13
183.6346,29.727,1.1455,34.0522785,289.25
183.83879,29.728,1.1453,34.0474784,289.25
184.03996,29.728,1.1451,34.0415328,289.38
184.22775,29.728,1.145,34.03856,289.5
184.42959,29.728,1.1449,34.0355872,289.5
184.63354,29.728,1.1447,34.0296416,289.63
184.83599,29.729,1.1445,34.0248405,289.69
185.03654,29.729,1.1444,34.0218676,289.69
185.22059,29.729,1.1443,34.0188947,289.75
185.42058,29.729,1.1441,34.0129489,289.88
185.62375,29.729,1.144,34.009976,289.88
185.82663,29.729,1.1438,34.0040302,289.94
186.02779,29.729,1.1437,34.0010573,290.06
186.2277,29.73,1.1435,33.996255,290.06
186.41494,29.73,1.1434,33.993282,290.19
186.61725,29.73,1.1432,33.987336,290.31
186.81887,29.73,1.1431,33.984363,290.31
187.02232,29.73,1.1429,33.978417,290.38
187.22446,29.731,1.1428,33.9765868,290.5
187.41362,29.731,1.1427,33.9736137,290.5
187.61391,29.731,1.1425,33.9676675,290.63
187.81695,29.731,1.1424,33.9646944,290.63
188.01606,29.732,1.1422,33.9598904,290.75
188.21595,29.731,1.1421,33.9557751,290.88
188.41746,29.732,1.142,33.953944,290.88
188.60663,29.732,1.1418,33.9479976,291
188.8046,29.732,1.1417,33.9450244,291.13
189.00462,29.733,1.1416,33.9431928,291.13
189.20568,29.733,1.1414,33.9372462,291.25
189.40733,29.733,1.1413,33.9342729,291.38
189.60975,29.733,1.1411,33.9283263,291.38
189.79722,29.733,1.141,33.925353,291.5
189.99952,29.734,1.1409,33.9235206,291.63
190.20004,29.734,1.1407,33.9175738,291.63
190.40252,29.734,1.1406,33.9146004,291.69
190.60561,29.734,1.1405,33.911627,291.75
190.79112,29.735,1.1403,33.9068205,291.75
190.99586,29.735,1.1402,33.903847,291.81
191.19729,29.735,1.14,33.8979,291.81
191.39936,29.735,1.1399,33.8949265,291.94
191.58754,29.735,1.1398,33.891953,292
191.78963,29.735,1.1396,33.886006,292
191.99343,29.736,1.1395,33.884172,292.13
192.19482,29.736,1.1394,33.8811984,292.19
192.38203,29.736,1.1392,33.8752512,292.19
192.58336,29.736,1.1391,33.8722776,292.31
192.78559,29.736,1.1389,33.8663304,292.38
192.98868,29.737,1.1388,33.8644956,292.38
193.19173,29.737,1.1387,33.8615219,292.5
193.37784,29.737,1.1385,33.8555745,292.5
193.58112,29.737,1.1384,33.8526008,292.5
193.78196,29.737,1.1383,33.8496271,292.56
193.98466,29.737,1.1381,33.8436797,292.63
194.17208,29.737,1.138,33.840706,292.63
194.37273,29.738,1.1379,33.8388702,292.69
194.57272,29.738,1.1378,33.8358964,292.81
194.77459,29.738,1.1376,33.8299488,292.81
194.97699,29.738,1.1375,33.826975,292.94
195.17941,29.738,1.1373,33.8210274,293.06
195.36526,29.739,1.1372,33.8191908,293.06
195.56823,29.739,1.1371,33.8162169,293.19
195.76991,29.739,1.137,33.813243,293.19
195.97291,29.739,1.1368,33.8072952,293.25
196.17557,29.739,1.1367,33.8043213,293.38
196.36274,29.74,1.1366,33.802484,293.38
196.56494,29.74,1.1364,33.796536,293.44
196.76804,29.74,1.1363,33.793562,293.56
196.97089,29.74,1.1362,33.790588,293.56
197.15618,29.74,1.1361,33.787614,293.69
197.35915,29.741,1.136,33.785776,293.75
197.56099,29.741,1.1358,33.7798278,293.75
197.76277,29.741,1.1357,33.7768537,293.81
197.96477,29.741,1.1356,33.7738796,293.88
198.15066,29.741,1.1355,33.7709055,293.88
198.35266,29.742,1.1353,33.7660926,294
198.55591,29.742,1.1352,33.7631184,294.13
198.75666,29.742,1.1351,33.7601442,294.13
198.94592,29.742,1.135,33.75717,294.13
199.15103,29.742,1.1348,33.7512216,294.13
199.35369,29.743,1.1347,33.7493821,294.25
199.55464,29.743,1.1346,33.7464078,294.38
199.74259,29.743,1.1345,33.7434335,294.38
199.9442,29.743,1.1343,33.7374849,294.38
200.14506,29.743,1.1342,33.7345106,294.5
200.34509,29.743,1.1341,33.7315363,294.5
200.54857,29.744,1.134,33.729696,294.56
200.73564,29.743,1.1339,33.7255877,294.69
200.93839,29.744,1.1337,33.7207728,294.69
201.14062,29.744,1.1336,33.7177984,294.75
201.34345,29.744,1.1335,33.714824,294.81
201.54611,29.744,1.1334,33.7118496,294.81
201.73369,29.744,1.1333,33.7088752,294.94
201.93847,29.744,1.1332,33.7059008,295.06
202.13715,29.745,1.133,33.701085,295.06
202.34055,29.745,1.1329,33.6981105,295.13
202.52741,29.745,1.1328,33.695136,295.19
202.72746,29.745,1.1327,33.6921615,295.19
202.93077,29.745,1.1326,33.689187,295.25
203.13379,29.746,1.1324,33.6843704,295.31
203.33372,29.745,1.1323,33.6802635,295.31
203.52123,29.746,1.1322,33.6784212,295.38
203.72263,29.746,1.1321,33.6754466,295.38
203.92468,29.746,1.132,33.672472,295.5
204.12729,29.747,1.1318,33.6676546,295.56
204.32708,29.747,1.1317,33.6646799,295.56
204.52879,29.747,1.1316,33.6617052,295.69
204.71368,29.747,1.1315,33.6587305,295.75
204.91191,29.747,1.1314,33.6557558,295.75
205.11053,29.748,1.1313,33.6539124,295.81
205.32333,29.748,1.1312,33.6509376,295.88
205.52267,29.748,1.1311,33.6479628,295.88
205.70934,29.748,1.1309,33.6420132,295.94
205.91178,29.748,1.1308,33.6390384,296
206.11316,29.748,1.1307,33.6360636,296
206.31458,29.749,1.1306,33.6342194,296.06
206.517,29.749,1.1305,33.6312445,296.13
206.7028,29.749,1.1304,33.6282696,296.13
206.90551,29.749,1.1303,33.6252947,296.25
207.10963,29.749,1.1302,33.6223198,296.25
207.31167,29.749,1.1301,33.6193449,296.31
207.51207,29.749,1.13,33.61637,296.38
207.69871,29.75,1.1298,33.61155,296.38
207.90063,29.75,1.1297,33.608575,296.5
208.10368,29.75,1.1296,33.6056,296.56
208.30496,29.75,1.1295,33.602625,296.56
208.50572,29.75,1.1294,33.59965,296.63
208.69188,29.75,1.1293,33.596675,296.69
208.89529,29.75,1.1292,33.5937,296.69
209.09668,29.75,1.1291,33.590725,296.75
209.29958,29.751,1.1289,33.5859039,296.88
209.5004,29.751,1.1288,33.5829288,296.88
209.70031,29.751,1.1287,33.5799537,296.94
209.88664,29.751,1.1286,33.5769786,297
210.08679,29.751,1.1285,33.5740035,297
210.28791,29.751,1.1284,33.5710284,297.13
210.48902,29.751,1.1283,33.5680533,297.19
210.69201,29.752,1.1282,33.5662064,297.19
210.89381,29.752,1.1281,33.5632312,297.25
211.08056,29.752,1.128,33.560256,297.31
211.28367,29.752,1.1279,33.5572808,297.31
211.48617,29.752,1.1278,33.5543056,297.38
211.68718,29.753,1.1277,33.5524581,297.5
211.88738,29.753,1.1275,33.5465075,297.5
212.07394,29.753,1.1274,33.5435322,297.56
212.27529,29.753,1.1273,33.5405569,297.56
212.47732,29.753,1.1272,33.5375816,297.63
212.68057,29.754,1.1271,33.5357334,297.69
212.86834,29.754,1.127,33.532758,297.69
213.08385,29.754,1.1269,33.5297826,297.69
213.27051,29.754,1.1268,33.5268072,297.81
213.47285,29.754,1.1267,33.5238318,297.81
213.67696,29.755,1.1266,33.521983,297.88
213.86574,29.755,1.1265,33.5190075,298
214.06955,29.755,1.1264,33.516032,298
214.27188,29.755,1.1263,33.5130565,298.06
214.47279,29.755,1.1262,33.510081,298.13
214.65981,29.755,1.1261,33.5071055,298.13
214.86027,29.755,1.126,33.50413,298.19
215.06267,29.755,1.1259,33.5011545,298.25
215.26678,29.755,1.1258,33.498179,298.25
215.46947,29.755,1.1257,33.4952035,298.31
215.65616,29.756,1.1256,33.4933536,298.38
215.85651,29.756,1.1255,33.490378,298.38
216.05899,29.756,1.1254,33.4874024,298.44
216.26097,29.756,1.1253,33.4844268,298.44
216.44927,29.756,1.1252,33.4814512,298.56
216.6511,29.756,1.1251,33.4784756,298.63
216.85191,29.756,1.125,33.4755,298.63
217.05262,29.756,1.1249,33.4725244,298.69
217.2557,29.757,1.1248,33.4706736,298.75
217.44346,29.756,1.1247,33.4665732,298.75
217.64429,29.757,1.1246,33.4647222,298.88
217.84893,29.757,1.1245,33.4617465,298.94
218.04973,29.757,1.1244,33.4587708,298.94
218.25181,29.757,1.1243,33.4557951,299
218.43977,29.757,1.1242,33.4528194,299.06
218.64371,29.758,1.1241,33.4509678,299.06
218.8452,29.758,1.124,33.447992,299.13
219.04859,29.758,1.1239,33.4450162,299.25
219.23447,29.758,1.1238,33.4420404,299.25
219.43512,29.758,1.1237,33.4390646,299.31
219.63683,29.758,1.1236,33.4360888,299.38
219.83888,29.759,1.1235,33.4342365,299.38
220.0419,29.759,1.1234,33.4312606,299.44
220.23042,29.759,1.1233,33.4282847,299.44
220.4333,29.759,1.1232,33.4253088,299.5
220.63492,29.759,1.1231,33.4223329,299.63
220.83729,29.759,1.123,33.419357,299.63
221.03905,29.759,1.1229,33.4163811,299.69
221.226,29.76,1.1229,33.417504,299.75
221.42927,29.76,1.1228,33.414528,299.75
221.63047,29.76,1.1227,33.411552,299.75
221.83344,29.76,1.1226,33.408576,299.88
222.03271,29.76,1.1225,33.4056,299.88
222.23163,29.76,1.1224,33.402624,300
222.41685,29.76,1.1223,33.399648,300.06
222.61581,29.76,1.1222,33.396672,300.06
222.81854,29.761,1.1221,33.3948181,300.06
223.01975,29.761,1.122,33.391842,300.19
223.22256,29.761,1.1219,33.3888659,300.19
223.42472,29.761,1.1219,33.3888659,300.25
223.61057,29.761,1.1218,33.3858898,300.31
223.81385,29.761,1.1217,33.3829137,300.31
224.01622,29.761,1.1216,33.3799376,300.44
224.22086,29.761,1.1215,33.3769615,300.56
224.40801,29.761,1.1214,33.3739854,300.56
224.60899,29.762,1.1213,33.3721306,300.69
224.81183,29.762,1.1212,33.3691544,300.69
225.01501,29.762,1.1211,33.3661782,300.75
225.20538,29.762,1.121,33.363202,300.81
225.40798,29.762,1.1209,33.3602258,300.81
225.60967,29.762,1.1208,33.3572496,300.88
225.81082,29.762,1.1207,33.3542734,300.94
225.99886,29.762,1.1206,33.3512972,300.94
226.20204,29.762,1.1206,33.3512972,301.06
226.40628,29.763,1.1205,33.3494415,301.13
226.60688,29.763,1.1204,33.3464652,301.13
226.7952,29.763,1.1203,33.3434889,301.25
226.99805,29.763,1.1202,33.3405126,301.31
227.2011,29.763,1.1201,33.3375363,301.31
227.40261,29.764,1.12,33.33568,301.31
227.5879,29.764,1.1199,33.3327036,301.38
227.79089,29.764,1.1198,33.3297272,301.38
227.99159,29.764,1.1198,33.3297272,301.44
228.19217,29.764,1.1197,33.3267508,301.44
228.39372,29.764,1.1196,33.3237744,301.5
228.59547,29.764,1.1195,33.320798,301.56
228.78172,29.765,1.1194,33.318941,301.56
228.98521,29.765,1.1193,33.3159645,301.63
229.18658,29.765,1.1192,33.312988,301.69
229.38863,29.765,1.1191,33.3100115,301.69
229.59176,29.765,1.119,33.307035,301.75
229.78088,29.765,1.119,33.307035,301.81
229.98377,29.765,1.1189,33.3040585,301.81
230.18532,29.765,1.1188,33.301082,301.88
230.38611,29.766,1.1187,33.2992242,301.94
230.57269,29.766,1.1186,33.2962476,301.94
230.77375,29.766,1.1186,33.2962476,302
230.97674,29.766,1.1185,33.293271,302.06
231.23874,29.766,1.1184,33.2902944,302.06
231.37992,29.766,1.1183,33.2873178,302.13
231.56738,29.766,1.1182,33.2843412,302.19
231.77186,29.767,1.1181,33.2824827,302.19
231.97445,29.766,1.1181,33.2813646,302.25
232.17673,29.767,1.118,33.279506,302.38
232.36371,29.767,1.1179,33.2765293,302.38
232.5657,29.767,1.1178,33.2735526,302.44
232.7685,29.767,1.1177,33.2705759,302.5
232.97088,29.767,1.1177,33.2705759,302.5
233.1728,29.767,1.1176,33.2675992,302.56
233.36052,29.767,1.1175,33.2646225,302.56
233.56159,29.767,1.1174,33.2616458,302.56
233.76156,29.768,1.1173,33.2597864,302.63
233.96267,29.768,1.1173,33.2597864,302.63
234.16623,29.768,1.1172,33.2568096,302.69
234.35489,29.768,1.1171,33.2538328,302.75
234.55746,29.768,1.117,33.250856,302.75
234.75794,29.768,1.1169,33.2478792,302.88
234.96002,29.768,1.1168,33.2449024,302.88
235.14711,29.768,1.1168,33.2449024,302.88
235.35048,29.768,1.1167,33.2419256,302.94
235.55169,29.768,1.1166,33.2389488,303.06
235.75495,29.769,1.1165,33.2370885,303.06
235.9435,29.769,1.1164,33.2341116,303.13
236.14512,29.769,1.1164,33.2341116,303.13
236.34755,29.769,1.1163,33.2311347,303.19
236.54955,29.769,1.1162,33.2281578,303.25
236.75173,29.769,1.1161,33.2251809,303.25
236.93848,29.77,1.116,33.22332,303.25
237.13805,29.77,1.1159,33.220343,303.31
237.3406,29.77,1.1159,33.220343,303.31
237.54466,29.77,1.1158,33.217366,303.38
237.7474,29.77,1.1157,33.214389,303.44
237.9366,29.77,1.1157,33.214389,303.44
238.13859,29.77,1.1156,33.211412,303.5
238.33952,29.77,1.1155,33.208435,303.5
238.53779,29.77,1.1154,33.205458,303.5
238.73852,29.771,1.1153,33.2035963,303.56
238.93684,29.771,1.1153,33.2035963,303.69
239.1334,29.771,1.1152,33.2006192,303.69
239.33174,29.771,1.1151,33.1976421,303.69
239.53497,29.77,1.1151,33.196527,303.75
239.73552,29.771,1.115,33.194665,303.75
239.92096,29.771,1.1149,33.1916879,303.81
240.12255,29.771,1.1148,33.1887108,303.88
240.32368,29.771,1.1148,33.1887108,303.88
240.52416,29.771,1.1147,33.1857337,303.88
240.72257,29.771,1.1146,33.1827566,303.88
240.92266,29.771,1.1146,33.1827566,303.88
241.1271,29.771,1.1145,33.1797795,303.94
241.32679,29.772,1.1144,33.1779168,303.94
241.51465,29.772,1.1143,33.1749396,304
241.71701,29.772,1.1143,33.1749396,304.06
241.91918,29.772,1.1142,33.1719624,304.06
242.12183,29.772,1.1141,33.1689852,304.13
242.32247,29.772,1.114,33.166008,304.19
242.50861,29.772,1.114,33.166008,304.19
242.71189,29.772,1.1139,33.1630308,304.25
242.91146,29.772,1.1138,33.1600536,304.31
243.11379,29.773,1.1137,33.1581901,304.31
243.31566,29.773,1.1137,33.1581901,304.38
243.5159,29.773,1.1136,33.1552128,304.44
243.70359,29.773,1.1135,33.1522355,304.44
243.90564,29.773,1.1135,33.1522355,304.5
244.10818,29.773,1.1134,33.1492582,304.5
244.31036,29.773,1.1133,33.1462809,304.56
244.49701,29.774,1.1132,33.1444168,304.63
244.70013,29.774,1.1132,33.1444168,304.63
244.90353,29.774,1.1131,33.1414394,304.75
245.10343,29.774,1.113,33.138462,304.75
245.30392,29.774,1.1129,33.1354846,304.75
245.49101,29.774,1.1129,33.1354846,304.81
245.69231,29.774,1.1128,33.1325072,304.88
245.89656,29.774,1.1127,33.1295298,304.88
246.09684,29.775,1.1126,33.127665,305
246.29857,29.775,1.1126,33.127665,305
246.50028,29.775,1.1125,33.1246875,305
246.68811,29.775,1.1124,33.12171,305.06
246.88995,29.775,1.1124,33.12171,305.19
247.09233,29.775,1.1123,33.1187325,305.19
247.29234,29.775,1.1122,33.115755,305.25
247.49388,29.775,1.1122,33.115755,305.25
247.67993,29.775,1.1121,33.1127775,305.25
247.88214,29.775,1.112,33.1098,305.25
248.08464,29.776,1.1119,33.1079344,305.31
248.28719,29.776,1.1119,33.1079344,305.31
248.47469,29.776,1.1118,33.1049568,305.38
248.67472,29.775,1.1117,33.1008675,305.44
248.87697,29.776,1.1117,33.1019792,305.44
249.08082,29.776,1.1116,33.0990016,305.44
249.28482,29.776,1.1115,33.096024,305.44
249.47084,29.776,1.1115,33.096024,305.5
249.67338,29.776,1.1114,33.0930464,305.56
249.87439,29.776,1.1113,33.0900688,305.56
250.0765,29.776,1.1113,33.0900688,305.63
250.26482,29.776,1.1112,33.0870912,305.75
250.46503,29.777,1.1111,33.0852247,305.75
250.66858,29.777,1.1111,33.0852247,305.75
250.86955,29.777,1.111,33.082247,305.81
251.07159,29.777,1.1109,33.0792693,305.81
251.2609,29.777,1.1109,33.0792693,305.88
251.46327,29.777,1.1108,33.0762916,305.94
251.66498,29.777,1.1107,33.0733139,305.94
251.86909,29.777,1.1107,33.0733139,306
252.06987,29.777,1.1106,33.0703362,306
252.25606,29.778,1.1105,33.068469,306
252.45663,29.778,1.1105,33.068469,306
252.6592,29.778,1.1104,33.0654912,306
252.86183,29.778,1.1103,33.0625134,306.13
253.06074,29.778,1.1102,33.0595356,306.13
253.2626,29.778,1.1102,33.0595356,306.13
253.45055,29.778,1.1101,33.0565578,306.19
253.65272,29.778,1.1101,33.0565578,306.25
253.85498,29.779,1.11,33.05469,306.25
254.05657,29.779,1.1099,33.0517121,306.31
254.2451,29.779,1.1099,33.0517121,306.38
254.44611,29.779,1.1098,33.0487342,306.38
254.65037,29.779,1.1097,33.0457563,306.38
254.85044,29.779,1.1097,33.0457563,306.38
255.03902,29.779,1.1096,33.0427784,306.38
255.24079,29.779,1.1095,33.0398005,306.5
255.44344,29.779,1.1095,33.0398005,306.56
255.64221,29.779,1.1094,33.0368226,306.56
255.84364,29.779,1.1094,33.0368226,306.56
256.04167,29.779,1.1093,33.0338447,306.56
256.2409,29.78,1.1092,33.031976,306.56
256.44378,29.78,1.1091,33.028998,306.63
256.82999,29.78,1.109,33.02602,306.75
257.23269,29.78,1.1088,33.020064,306.81
257.63971,29.78,1.1087,33.017086,306.88
258.03182,29.78,1.1086,33.014108,306.94
258.42343,29.78,1.1085,33.01113,307
258.82758,29.78,1.1083,33.005174,307.06
259.23055,29.781,1.1082,33.0033042,307.19
259.61948,29.78,1.1081,32.999218,307.19
260.02583,29.781,1.108,32.997348,307.31
260.41176,29.781,1.1079,32.9943699,307.38
260.81837,29.781,1.1078,32.9913918,307.44
261.20787,29.781,1.1076,32.9854356,307.5
261.61175,29.782,1.1075,32.983565,307.56
262.00192,29.782,1.1074,32.9805868,307.69
262.40407,29.782,1.1073,32.9776086,307.75
262.80557,29.782,1.1072,32.9746304,307.75
263.19648,29.782,1.107,32.968674,307.75
263.59659,29.783,1.1069,32.9668027,307.81
263.99946,29.783,1.1068,32.9638244,307.81
264.40408,29.783,1.1067,32.9608461,307.94
264.79293,29.783,1.1066,32.9578678,308.06
265.19859,29.783,1.1065,32.9548895,308.06
265.58472,29.783,1.1064,32.9519112,308.13
265.98765,29.783,1.1062,32.9459546,308.19
266.38958,29.784,1.1061,32.9440824,308.25
266.77789,29.784,1.1061,32.9440824,308.31
266.97971,29.784,1.106,32.941104,308.31
267.18086,29.784,1.106,32.941104,308.31
267.38654,29.784,1.1059,32.9381256,308.38
267.5726,29.784,1.1059,32.9381256,308.38
267.77288,29.784,1.1058,32.9351472,308.44
267.9746,29.784,1.1057,32.9321688,308.44
268.17653,29.784,1.1057,32.9321688,308.44
268.38156,29.784,1.1056,32.9291904,308.5
268.56754,29.784,1.1056,32.9291904,308.56
268.76829,29.784,1.1055,32.926212,308.56
268.97152,29.784,1.1055,32.926212,308.56
269.17371,29.784,1.1054,32.9232336,308.56
269.37472,29.785,1.1054,32.924339,308.56
269.56175,29.784,1.1053,32.9202552,308.63
269.76449,29.785,1.1053,32.9213605,308.69
269.96721,29.785,1.1052,32.918382,308.69
270.16752,29.785,1.1051,32.9154035,308.75
270.36859,29.785,1.1051,32.9154035,308.75
270.55705,29.785,1.105,32.912425,308.75
270.75951,29.785,1.105,32.912425,308.75
270.96062,29.785,1.1049,32.9094465,308.75
271.1607,29.786,1.1049,32.9105514,308.88
271.36406,29.786,1.1048,32.9075728,308.88
271.55158,29.785,1.1048,32.906468,308.88
271.75273,29.786,1.1047,32.9045942,308.88
271.9552,29.786,1.1047,32.9045942,308.94
272.15645,29.786,1.1046,32.9016156,308.94
272.35478,29.786,1.1046,32.9016156,309
272.55355,29.786,1.1045,32.898637,309
272.75277,29.786,1.1045,32.898637,309
272.95336,29.786,1.1044,32.8956584,309.06
273.15492,29.787,1.1044,32.8967628,309.06
273.34364,29.786,1.1043,32.8926798,309.13
273.5446,29.787,1.1043,32.8937841,309.13
273.74718,29.787,1.1042,32.8908054,309.13
273.94974,29.787,1.1042,32.8908054,309.19
274.15177,29.787,1.1041,32.8878267,309.19
274.33842,29.787,1.104,32.884848,309.19
274.54085,29.787,1.104,32.884848,309.31
274.74189,29.787,1.1039,32.8818693,309.38
274.94359,29.787,1.1039,32.8818693,309.38
275.14352,29.787,1.1038,32.8788906,309.38
275.3462,29.787,1.1038,32.8788906,309.38
275.53451,29.787,1.1037,32.8759119,309.38
275.73859,29.787,1.1037,32.8759119,309.44
275.9401,29.787,1.1036,32.8729332,309.5
276.12674,29.787,1.1036,32.8729332,309.5
276.32927,29.787,1.1035,32.8699545,309.56
276.53175,29.787,1.1035,32.8699545,309.63
276.73384,29.788,1.1034,32.8680792,309.63
276.93611,29.788,1.1034,32.8680792,309.69
277.13561,29.787,1.1033,32.8639971,309.69
277.32284,29.787,1.1033,32.8639971,309.69
277.52404,29.788,1.1032,32.8621216,309.69
277.72565,29.788,1.1032,32.8621216,309.69
277.92801,29.788,1.1031,32.8591428,309.69
278.11781,29.788,1.1031,32.8591428,309.69
278.31737,29.788,1.103,32.856164,309.69
278.52043,29.788,1.103,32.856164,309.75
278.72012,29.788,1.1029,32.8531852,309.75
278.92253,29.788,1.1029,32.8531852,309.75
279.12282,29.788,1.1029,32.8531852,309.81
279.31068,29.788,1.1028,32.8502064,309.88
279.51076,29.788,1.1028,32.8502064,309.88
279.71258,29.788,1.1027,32.8472276,309.88
279.91245,29.788,1.1027,32.8472276,309.94
280.11563,29.789,1.1026,32.8453514,309.94
280.31817,29.789,1.1026,32.8453514,310.06
280.50567,29.789,1.1025,32.8423725,310.06
280.70768,29.789,1.1025,32.8423725,310.06
280.90963,29.789,1.1024,32.8393936,310.06
281.1105,29.789,1.1024,32.8393936,310.13
281.31173,29.789,1.1023,32.8364147,310.13
281.50047,29.789,1.1023,32.8364147,310.19
281.70269,29.79,1.1023,32.837517,310.19
281.90361,29.789,1.1022,32.8334358,310.25
282.10497,29.79,1.1022,32.834538,310.31
282.30636,29.79,1.1021,32.831559,310.31
282.50791,29.79,1.1021,32.831559,310.38
282.69534,29.79,1.102,32.82858,310.44
282.8977,29.79,1.102,32.82858,310.44
283.09988,29.79,1.102,32.82858,310.44
283.30161,29.79,1.1019,32.825601,310.5
283.48883,29.79,1.1019,32.825601,310.5
283.69088,29.79,1.1018,32.822622,310.5
283.89279,29.79,1.1018,32.822622,310.56
284.09367,29.79,1.1017,32.819643,310.56
284.29564,29.79,1.1017,32.819643,310.56
284.48572,29.79,1.1017,32.819643,310.56
284.68765,29.79,1.1016,32.816664,310.56
284.88841,29.79,1.1016,32.816664,310.56
285.08986,29.79,1.1015,32.813685,310.56
285.29336,29.79,1.1015,32.813685,310.56
285.47974,29.79,1.1014,32.810706,310.56
285.68279,29.79,1.1014,32.810706,310.56
285.88556,29.79,1.1014,32.810706,310.56
286.08853,29.79,1.1013,32.807727,310.56
286.27562,29.79,1.1013,32.807727,310.56
286.47762,29.79,1.1012,32.804748,310.63
286.67945,29.79,1.1012,32.804748,310.69
286.8819,29.79,1.1011,32.801769,310.69
287.08277,29.79,1.1011,32.801769,310.69
287.26917,29.791,1.101,32.799891,310.75
287.47164,29.79,1.101,32.79879,310.75
287.67356,29.791,1.101,32.799891,310.75
287.87579,29.79,1.1009,32.795811,310.81
288.06348,29.791,1.1009,32.7969119,310.81
288.26321,29.791,1.1008,32.7939328,310.88
288.46542,29.791,1.1008,32.7939328,310.94
288.66723,29.791,1.1008,32.7939328,310.94
288.86866,29.791,1.1007,32.7909537,310.94
289.06897,29.791,1.1007,32.7909537,311
289.25681,29.791,1.1006,32.7879746,311
289.45883,29.791,1.1006,32.7879746,311.06
289.66052,29.791,1.1006,32.7879746,311.13
289.85903,29.791,1.1005,32.7849955,311.13
290.06087,29.791,1.1005,32.7849955,311.19
290.26192,29.791,1.1004,32.7820164,311.19
290.46182,29.791,1.1004,32.7820164,311.19
290.66142,29.791,1.1004,32.7820164,311.19
290.86218,29.791,1.1003,32.7790373,311.25
291.04795,29.791,1.1003,32.7790373,311.25
291.25142,29.791,1.1002,32.7760582,311.25
291.4552,29.791,1.1002,32.7760582,311.25
291.65864,29.79,1.1001,32.771979,311.31
291.84462,29.784,1.0997,32.7534648,311.31
292.04354,29.78,1.0996,32.746088,311.31
292.24189,29.779,1.0996,32.7449884,311.38
292.44247,29.777,1.0994,32.7368338,311.38
292.64126,29.781,1.0996,32.7471876,311.38
292.84296,29.789,1.0998,32.7619422,311.44
293.03963,29.788,1.0997,32.7578636,311.5
293.2418,29.788,1.0997,32.7578636,311.5
293.44344,29.787,1.0996,32.7537852,311.5
293.6462,29.786,1.0995,32.749707,311.5
293.84664,29.785,1.0994,32.745629,311.5
294.03372,29.782,1.0992,32.7363744,311.56
294.23567,29.781,1.0992,32.7352752,311.63
294.43863,29.779,1.0991,32.7300989,311.63
294.6414,29.778,1.099,32.726022,311.69
294.84299,29.777,1.099,32.724923,311.69
295.02793,29.787,1.0992,32.7418704,311.69
295.22984,29.781,1.0989,32.7263409,311.75
295.43,29.779,1.0988,32.7211652,311.75
295.6327,29.777,1.0987,32.7159899,311.75
295.8345,29.779,1.0987,32.7181873,311.75
296.03413,29.778,1.0987,32.7170886,311.75
296.22105,29.781,1.0987,32.7203847,311.81
296.42269,29.779,1.0987,32.7181873,311.88
296.62507,29.778,1.0985,32.711133,311.88
296.82632,29.778,1.0985,32.711133,311.94
297.02809,29.775,1.0984,32.70486,312
297.21692,29.786,1.0988,32.7288568,312
297.4197,29.791,1.0988,32.7343508,312.06
297.62034,29.791,1.0988,32.7343508,312.13
297.82571,29.791,1.0988,32.7343508,312.13
298.02472,29.791,1.0987,32.7313717,312.13
298.21023,29.791,1.0987,32.7313717,312.19
298.4126,29.792,1.0987,32.7324704,312.19
298.61561,29.792,1.0986,32.7294912,312.19
298.81703,29.791,1.0986,32.7283926,312.19
299.01748,29.792,1.0985,32.726512,312.19
299.21804,29.791,1.0985,32.7254135,312.19
299.40437,29.792,1.0984,32.7235328,312.19
299.60691,29.792,1.0984,32.7235328,312.19
299.80986,29.792,1.0984,32.7235328,312.19
300.01214,29.792,1.0983,32.7205536,312.19
300.19914,29.792,1.0983,32.7205536,312.25
300.40164,29.792,1.0982,32.7175744,312.25
300.60401,29.791,1.0982,32.7164762,312.25
300.80652,29.792,1.0982,32.7175744,312.25
301.00539,29.792,1.0981,32.7145952,312.25
301.20711,29.792,1.0981,32.7145952,312.25
301.4037,29.792,1.0981,32.7145952,312.31
301.60445,29.792,1.098,32.711616,312.38
301.80386,29.792,1.098,32.711616,312.38
301.98963,29.792,1.0979,32.7086368,312.38
302.18998,29.792,1.0979,32.7086368,312.44
302.38985,29.792,1.0979,32.7086368,312.44
302.59149,29.792,1.0978,32.7056576,312.5
302.79343,29.792,1.0978,32.7056576,312.56
302.99505,29.792,1.0977,32.7026784,312.56
303.19864,29.792,1.0977,32.7026784,312.63
303.38589,29.793,1.0977,32.7037761,312.63
303.58857,29.793,1.0976,32.7007968,312.63
303.79038,29.793,1.0976,32.7007968,312.69
303.99273,29.793,1.0976,32.7007968,312.69
304.17902,29.793,1.0975,32.6978175,312.75
304.38104,29.793,1.0975,32.6978175,312.75
304.58356,29.793,1.0974,32.6948382,312.75
304.78533,29.793,1.0974,32.6948382,312.75
304.98595,29.792,1.0974,32.6937408,312.75
305.17387,29.792,1.0973,32.6907616,312.75
305.3786,29.792,1.0973,32.6907616,312.81
305.58039,29.791,1.0972,32.6866852,312.88
305.78372,29.789,1.0971,32.6815119,312.88
305.96984,29.786,1.0969,32.6722634,312.88
306.16969,29.785,1.0969,32.6711665,312.94
306.37103,29.785,1.0968,32.668188,312.94
306.57243,29.785,1.0968,32.668188,312.94
306.77583,29.785,1.0968,32.668188,312.94
306.97594,29.785,1.0967,32.6652095,312.94
307.17549,29.785,1.0967,32.6652095,313
307.37461,29.784,1.0966,32.6611344,313
307.57569,29.784,1.0966,32.6611344,313
307.76286,29.783,1.0965,32.6570595,313
307.9644,29.783,1.0965,32.6570595,313
308.1649,29.784,1.0965,32.658156,313
308.36731,29.784,1.0964,32.6551776,313.06
308.55551,29.784,1.0964,32.6551776,313.06
308.75676,29.784,1.0964,32.6551776,313.13
308.95656,29.784,1.0963,32.6521992,313.19
309.1576,29.784,1.0963,32.6521992,313.19
309.35757,29.786,1.0964,32.6573704,313.19
309.55943,29.793,1.0966,32.6710038,313.19
309.76373,29.794,1.0965,32.669121,313.19
309.9492,29.794,1.0965,32.669121,313.19
310.148,29.794,1.0965,32.669121,313.25
310.34849,29.794,1.0964,32.6661416,313.25
310.55167,29.794,1.0964,32.6661416,313.31
310.753,29.794,1.0963,32.6631622,313.31
310.95488,29.794,1.0963,32.6631622,313.31
311.14164,29.794,1.0963,32.6631622,313.38
311.34352,29.794,1.0962,32.6601828,313.38
311.54692,29.794,1.0962,32.6601828,313.44
311.74804,29.794,1.0962,32.6601828,313.44
311.94842,29.794,1.0961,32.6572034,313.44
312.13665,29.794,1.0961,32.6572034,313.5
312.33561,29.794,1.0961,32.6572034,313.5
312.53746,29.795,1.096,32.65532,313.5
312.73774,29.794,1.096,32.654224,313.5
312.94084,29.795,1.096,32.65532,313.5
313.14285,29.795,1.0959,32.6523405,313.5
313.34425,29.795,1.0959,32.6523405,313.5
313.53164,29.795,1.0959,32.6523405,313.56
313.73047,29.795,1.0958,32.649361,313.56
313.93167,29.795,1.0958,32.649361,313.56
314.13501,29.795,1.0957,32.6463815,313.63
314.33633,29.795,1.0957,32.6463815,313.63
314.53638,29.795,1.0957,32.6463815,313.63
314.72271,29.795,1.0956,32.643402,313.69
314.92498,29.795,1.0956,32.643402,313.69
315.12694,29.795,1.0956,32.643402,313.69
315.32897,29.795,1.0955,32.6404225,313.69
315.53157,29.795,1.0955,32.6404225,313.69
315.71844,29.795,1.0955,32.6404225,313.69
315.9204,29.795,1.0954,32.637443,313.69
316.12166,29.795,1.0954,32.637443,313.69
316.32541,29.795,1.0954,32.637443,313.75
316.52593,29.795,1.0954,32.637443,313.75
316.71201,29.795,1.0953,32.6344635,313.81
316.91488,29.795,1.0953,32.6344635,313.88
317.11691,29.795,1.0953,32.6344635,313.88
317.32046,29.795,1.0952,32.631484,313.88
317.5189,29.795,1.0952,32.631484,313.88
317.71757,29.794,1.0951,32.6274094,313.88
317.91541,29.794,1.0951,32.6274094,313.88
318.1175,29.794,1.0951,32.6274094,313.88
318.31846,29.794,1.0951,32.6274094,313.88
318.50468,29.793,1.095,32.623335,313.88
318.70706,29.794,1.095,32.62443,313.88
318.91018,29.794,1.0949,32.6214506,313.94
319.11011,29.794,1.095,32.62443,313.94
319.31274,29.794,1.0949,32.6214506,313.94
319.50053,29.793,1.0948,32.6173764,313.94
319.70016,29.79,1.0947,32.611113,314
319.90179,29.789,1.0946,32.6070394,314
320.10352,29.788,1.0945,32.602966,314.06
320.30362,29.787,1.0944,32.5988928,314.06
320.50481,29.781,1.0943,32.5893483,314.06
320.70541,29.784,1.0944,32.5956096,314.13
320.89233,29.791,1.0946,32.6092286,314.13
321.09018,29.796,1.0947,32.6176812,314.13
321.28963,29.796,1.0946,32.6147016,314.13
321.49101,29.796,1.0946,32.6147016,314.13
321.69204,29.796,1.0946,32.6147016,314.13
321.89503,29.796,1.0945,32.611722,314.13
322.0971,29.796,1.0945,32.611722,314.13
322.28348,29.796,1.0945,32.611722,314.13
322.48557,29.796,1.0944,32.6087424,314.19
322.6886,29.796,1.0944,32.6087424,314.25
322.88864,29.796,1.0944,32.6087424,314.25
323.09155,29.796,1.0943,32.6057628,314.25
323.29304,29.796,1.0943,32.6057628,314.31
323.48052,29.796,1.0943,32.6057628,314.31
323.68358,29.796,1.0942,32.6027832,314.38
323.88434,29.795,1.0942,32.601689,314.38
324.08417,29.795,1.0942,32.601689,314.38
324.28577,29.796,1.0941,32.5998036,314.44
324.47179,29.795,1.0941,32.5987095,314.44
324.67489,29.795,1.094,32.59573,314.5
324.87709,29.796,1.094,32.596824,314.5
325.08006,29.796,1.094,32.596824,314.5
325.26777,29.795,1.0939,32.5927505,314.5
325.46963,29.793,1.0938,32.5875834,314.5
325.67271,29.793,1.0938,32.5875834,314.5
325.87497,29.792,1.0937,32.5835104,314.56
326.07587,29.792,1.0937,32.5835104,314.56
326.27469,29.791,1.0936,32.5794376,314.56
326.47577,29.79,1.0936,32.578344,314.63
326.6615,29.789,1.0935,32.5742715,314.63
326.86464,29.789,1.0935,32.5742715,314.63
327.06554,29.788,1.0934,32.5701992,314.63
327.26672,29.787,1.0934,32.5691058,314.69
327.4709,29.788,1.0933,32.5672204,314.69
327.6581,29.787,1.0933,32.5661271,314.69
327.8599,29.785,1.0932,32.560962,314.69
328.06273,29.784,1.0931,32.5568904,314.69
328.26592,29.783,1.093,32.552819,314.69
328.45204,29.784,1.0933,32.5628472,314.75
328.65553,29.796,1.0935,32.581926,314.75
328.85466,29.796,1.0935,32.581926,314.75
329.05475,29.796,1.0935,32.581926,314.75
329.25713,29.797,1.0934,32.5800398,314.75
329.45868,29.796,1.0934,32.5789464,314.81
329.65959,29.796,1.0934,32.5789464,314.81
329.84653,29.796,1.0933,32.5759668,314.88
330.04787,29.796,1.0933,32.5759668,314.88
330.24753,29.795,1.0933,32.5748735,314.88
330.44962,29.796,1.0932,32.5729872,314.94
330.65156,29.794,1.0931,32.5678214,314.94
330.86571,29.792,1.093,32.562656,314.94
331.04099,29.792,1.093,32.562656,315
331.24141,29.791,1.0929,32.5585839,315.06
331.4399,29.791,1.0929,32.5585839,315.06
331.64013,29.792,1.0929,32.5596768,315.06
331.84372,29.792,1.0928,32.5566976,315.06
332.04825,29.792,1.0928,32.5566976,315.06
332.23545,29.791,1.0928,32.5556048,315.06
332.43878,29.791,1.0927,32.5526257,315.06
332.64258,29.791,1.0927,32.5526257,315.06
332.8293,29.791,1.0926,32.5496466,315.13
333.0316,29.79,1.0926,32.548554,315.13
333.23157,29.79,1.0926,32.548554,315.13
333.43483,29.79,1.0925,32.545575,315.13
333.63709,29.79,1.0925,32.545575,315.13
333.83674,29.79,1.0925,32.545575,315.19
334.03625,29.79,1.0924,32.542596,315.19
334.22282,29.79,1.0924,32.542596,315.19
334.42137,29.79,1.0924,32.542596,315.19
334.62473,29.79,1.0923,32.539617,315.25
334.82804,29.789,1.0923,32.5385247,315.25
335.02924,29.79,1.0923,32.539617,315.25
335.21607,29.788,1.0922,32.5344536,315.25
335.41778,29.791,1.0922,32.5377302,315.25
335.62039,29.788,1.0922,32.5344536,315.25
335.82366,29.794,1.0925,32.549945,315.25
336.02497,29.799,1.0925,32.5554075,315.25
336.2263,29.799,1.0925,32.5554075,315.25
336.41088,29.799,1.0924,32.5524276,315.31
336.61463,29.799,1.0924,32.5524276,315.31
336.81584,29.799,1.0924,32.5524276,315.38
337.01461,29.799,1.0923,32.5494477,315.38
337.21795,29.799,1.0923,32.5494477,315.38
337.41857,29.799,1.0923,32.5494477,315.44
337.6071,29.799,1.0923,32.5494477,315.44
337.80985,29.799,1.0923,32.5494477,315.44
338.01242,29.799,1.0922,32.5464678,315.44
338.21368,29.799,1.0922,32.5464678,315.44
338.41482,29.799,1.0922,32.5464678,315.44
338.60105,29.799,1.0921,32.5434879,315.5
338.80354,29.799,1.0921,32.5434879,315.5
339.00572,29.799,1.0921,32.5434879,315.5
339.20563,29.799,1.0921,32.5434879,315.56
339.40487,29.799,1.092,32.540508,315.56
339.60833,29.798,1.092,32.539416,315.56
339.79466,29.798,1.092,32.539416,315.56
339.99613,29.798,1.0919,32.5364362,315.56
340.19953,29.798,1.0919,32.5364362,315.63
340.40231,29.799,1.0919,32.5375281,315.63
340.58867,29.798,1.0919,32.5364362,315.63
340.78934,29.798,1.0918,32.5334564,315.63
340.99212,29.795,1.0916,32.524222,315.63
341.19501,29.792,1.0915,32.517968,315.63
341.39741,29.791,1.0914,32.5138974,315.63
341.59841,29.79,1.0914,32.512806,315.63
341.78484,29.792,1.0914,32.5149888,315.69
341.98658,29.792,1.0914,32.5149888,315.69
342.18528,29.792,1.0914,32.5149888,315.69
342.38741,29.791,1.0915,32.5168765,315.75
342.5905,29.8,1.0916,32.52968,315.75
342.77853,29.8,1.0916,32.52968,315.75
342.98003,29.8,1.0915,32.5267,315.75
343.18155,29.8,1.0915,32.5267,315.75
343.38381,29.8,1.0915,32.5267,315.75
343.5848,29.8,1.0915,32.5267,315.75
343.77272,29.8,1.0915,32.5267,315.81
343.97625,29.801,1.0914,32.5248114,315.81
344.17866,29.801,1.0914,32.5248114,315.81
344.3774,29.8,1.0914,32.52372,315.81
344.58088,29.8,1.0913,32.52074,315.81
344.78061,29.8,1.0913,32.52074,315.88
344.96682,29.8,1.0913,32.52074,315.88
345.16961,29.8,1.0912,32.51776,315.88
345.37016,29.8,1.0913,32.52074,315.94
345.57033,29.8,1.0912,32.51776,315.94
345.77153,29.801,1.0912,32.5188512,315.94
345.97362,29.8,1.0912,32.51776,316
346.17372,29.8,1.0911,32.51478,316
346.36039,29.8,1.0911,32.51478,316
346.56357,29.8,1.0911,32.51478,316
346.76531,29.8,1.091,32.5118,316
346.96742,29.8,1.091,32.5118,316
347.16869,29.796,1.0908,32.5014768,316
347.36851,29.794,1.0907,32.4963158,316
347.55413,29.793,1.0906,32.4922458,316.06
347.75783,29.79,1.0906,32.488974,316.06
347.96153,29.794,1.0909,32.5022746,316.06
348.16582,29.801,1.091,32.512891,316.06
348.35161,29.801,1.0909,32.5099109,316.13
348.55299,29.801,1.0909,32.5099109,316.13
348.75623,29.801,1.0909,32.5099109,316.13
348.95661,29.801,1.0908,32.5069308,316.13
349.1555,29.801,1.0908,32.5069308,316.13
349.35654,29.801,1.0908,32.5069308,316.13
349.55643,29.801,1.0908,32.5069308,316.13
349.74467,29.801,1.0908,32.5069308,316.13
349.94485,29.802,1.0907,32.5050414,316.19
350.14342,29.802,1.0907,32.5050414,316.19
350.34623,29.802,1.0907,32.5050414,316.19
350.54895,29.802,1.0907,32.5050414,316.25
350.74944,29.802,1.0906,32.5020612,316.25
350.94864,29.801,1.0906,32.5009706,316.25
351.14927,29.801,1.0906,32.5009706,316.25
351.33812,29.801,1.0905,32.4979905,316.25
351.54007,29.801,1.0905,32.4979905,316.31
351.74351,29.801,1.0905,32.4979905,316.31
351.94367,29.801,1.0905,32.4979905,316.31
352.13132,29.801,1.0905,32.4979905,316.31
352.33471,29.801,1.0904,32.4950104,316.31
352.53742,29.801,1.0904,32.4950104,316.38
352.73862,29.802,1.0904,32.4961008,316.38
352.93895,29.802,1.0904,32.4961008,316.38
353.12598,29.802,1.0903,32.4931206,316.38
353.32775,29.802,1.0903,32.4931206,316.38
353.52854,29.802,1.0903,32.4931206,316.38
353.72914,29.802,1.0903,32.4931206,316.38
353.92715,29.802,1.0902,32.4901404,316.44
354.13092,29.802,1.0902,32.4901404,316.44
354.31839,29.802,1.0902,32.4901404,316.44
354.52096,29.801,1.0901,32.4860701,316.44
354.72526,29.798,1.09,32.47982,316.44
354.9302,29.798,1.09,32.47982,316.44
355.11858,29.798,1.0899,32.4768402,316.5
355.31909,29.797,1.0899,32.4757503,316.5
355.52057,29.797,1.0899,32.4757503,316.5
355.72292,29.797,1.0898,32.4727706,316.5
355.92488,29.797,1.0898,32.4727706,316.5
356.11009,29.796,1.0898,32.4716808,316.56
356.31113,29.795,1.0897,32.4676115,316.56
356.51022,29.795,1.0897,32.4676115,316.56
356.71385,29.795,1.0896,32.464632,316.56
356.91477,29.794,1.0896,32.4635424,316.63
357.11365,29.796,1.0897,32.4687012,316.63
357.31545,29.796,1.0896,32.4657216,316.63
357.51647,29.796,1.0896,32.4657216,316.63
357.70094,29.795,1.0896,32.464632,316.63
357.91362,29.795,1.0895,32.4616525,316.69
358.09993,29.794,1.0895,32.460563,316.69
358.29889,29.795,1.0895,32.4616525,316.69
358.50201,29.794,1.0894,32.4575836,316.75
358.70372,29.793,1.0894,32.4564942,316.75
358.90536,29.795,1.0894,32.458673,316.75
359.10597,29.795,1.0895,32.4616525,316.81
359.30718,29.803,1.0897,32.4763291,316.81
359.49382,29.803,1.0896,32.4733488,316.81
359.6971,29.803,1.0896,32.4733488,316.81
359.89791,29.803,1.0896,32.4733488,316.81
360.09669,29.803,1.0896,32.4733488,316.88
360.29907,29.803,1.0895,32.4703685,316.88
360.50165,29.802,1.0895,32.469279,316.88
360.68954,29.803,1.0895,32.4703685,316.88
360.89051,29.803,1.0895,32.4703685,317
361.09201,29.803,1.0895,32.4703685,317
361.29599,29.803,1.0894,32.4673882,317
361.48392,29.803,1.0894,32.4673882,317
361.68362,29.803,1.0894,32.4673882,317
361.8863,29.803,1.0894,32.4673882,317
362.08909,29.803,1.0893,32.4644079,317
362.2924,29.803,1.0893,32.4644079,317
362.47953,29.802,1.0892,32.4603384,317
362.6811,29.798,1.0891,32.4530018,317
362.88366,29.798,1.089,32.450022,317
363.08377,29.797,1.089,32.448933,317
363.28469,29.797,1.0889,32.4459533,317
363.4837,29.797,1.0889,32.4459533,317
363.68376,29.795,1.0889,32.4437755,317
363.87107,29.795,1.0888,32.440796,317
364.07367,29.794,1.0888,32.4397072,317
364.27768,29.794,1.0887,32.4367278,317.06
364.4797,29.793,1.0886,32.4326598,317.06
364.66709,29.792,1.0887,32.4345504,317.06
364.87043,29.8,1.089,32.4522,317.13
365.07291,29.803,1.089,32.455467,317.13
365.27428,29.803,1.089,32.455467,317.13
365.46271,29.803,1.0889,32.4524867,317.13
365.6668,29.803,1.0889,32.4524867,317.13
365.869,29.803,1.0889,32.4524867,317.13
366.06894,29.803,1.0889,32.4524867,317.13
366.27131,29.803,1.0888,32.4495064,317.13
366.47016,29.803,1.0888,32.4495064,317.13
366.66869,29.802,1.0888,32.4484176,317.13
366.87037,29.801,1.0887,32.4443487,317.19
367.05608,29.798,1.0886,32.4381028,317.19
367.25694,29.797,1.0885,32.4340345,317.19
367.45905,29.797,1.0885,32.4340345,317.19
367.66201,29.796,1.0885,32.432946,317.19
367.86096,29.796,1.0885,32.432946,317.19
368.06372,29.796,1.0884,32.4299664,317.25
368.25049,29.796,1.0884,32.4299664,317.25
368.45365,29.795,1.0884,32.428878,317.25
368.65508,29.795,1.0883,32.4258985,317.31
368.85824,29.794,1.0883,32.4248102,317.31
369.04621,29.794,1.0883,32.4248102,317.31
369.24912,29.794,1.0882,32.4218308,317.31
369.45174,29.79,1.0881,32.414499,317.31
369.65402,29.791,1.0882,32.4185662,317.31
369.83995,29.795,1.0882,32.422919,317.31
370.04367,29.796,1.0882,32.4240072,317.31
370.24499,29.796,1.0881,32.4210276,317.31
370.44635,29.792,1.0881,32.4166752,317.31
370.64996,29.791,1.088,32.412608,317.31
370.83578,29.789,1.088,32.410432,317.38
371.03857,29.793,1.0882,32.4207426,317.38
371.23958,29.797,1.0882,32.4250954,317.38
371.44282,29.798,1.0882,32.4261836,317.38
371.64277,29.797,1.0881,32.4221157,317.44
371.84374,29.797,1.0881,32.4221157,317.44
372.03066,29.795,1.0879,32.4139805,317.44
372.235,29.791,1.0879,32.4096289,317.5
372.43575,29.792,1.0879,32.4107168,317.5
372.63858,29.793,1.0879,32.4118047,317.5
372.82575,29.795,1.0879,32.4139805,317.5
373.02678,29.792,1.0878,32.4077376,317.5
373.2284,29.793,1.0879,32.4118047,317.5
373.4289,29.795,1.0879,32.4139805,317.5
373.6316,29.793,1.0878,32.4088254,317.5
373.8303,29.794,1.0878,32.4099132,317.56
374.02929,29.793,1.0878,32.4088254,317.56
374.23059,29.794,1.0878,32.4099132,317.56
374.4304,29.795,1.0878,32.411001,317.56
374.61672,29.793,1.0877,32.4058461,317.56
374.81798,29.794,1.0877,32.4069338,317.56
375.01954,29.791,1.0876,32.4006916,317.56
375.22062,29.794,1.0877,32.4069338,317.56
375.42148,29.792,1.0877,32.4047584,317.63
375.62382,29.795,1.0877,32.4080215,317.63
375.81077,29.795,1.0877,32.4080215,317.63
376.01225,29.794,1.0876,32.4039544,317.63
376.2156,29.794,1.0876,32.4039544,317.63
376.41889,29.794,1.0876,32.4039544,317.63
376.60599,29.791,1.0875,32.3977125,317.63
376.80913,29.791,1.0875,32.3977125,317.69
377.01033,29.792,1.0875,32.3988,317.69
377.21025,29.792,1.0875,32.3988,317.69
377.41014,29.792,1.0875,32.3988,317.69
377.61098,29.795,1.0875,32.4020625,317.69
377.81274,29.793,1.0874,32.3969082,317.69
377.99863,29.792,1.0874,32.3958208,317.69
378.20052,29.792,1.0874,32.3958208,317.69
378.40038,29.791,1.0874,32.3947334,317.69
378.59786,29.793,1.0874,32.3969082,317.69
378.79918,29.793,1.0874,32.3969082,317.75
379.00175,29.794,1.0874,32.3979956,317.75
379.20291,29.794,1.0874,32.3979956,317.75
379.40489,29.794,1.0873,32.3950162,317.81
379.59162,29.794,1.0873,32.3950162,317.81
379.79283,29.794,1.0873,32.3950162,317.81
379.99648,29.794,1.0873,32.3950162,317.81
380.19805,29.794,1.0873,32.3950162,317.88
380.3975,29.793,1.0872,32.3909496,317.88
380.59588,29.793,1.0871,32.3879703,317.88
380.79804,29.792,1.0873,32.3928416,317.88
380.98472,29.799,1.0875,32.4064125,317.88
381.18685,29.805,1.0875,32.4129375,317.88
381.39058,29.803,1.0873,32.4048019,317.88
381.59065,29.798,1.0872,32.3963856,317.88
381.79379,29.796,1.0872,32.3942112,317.94
381.98106,29.795,1.0871,32.3901445,317.94
382.18385,29.795,1.0871,32.3901445,317.94
382.3848,29.795,1.0871,32.3901445,317.94
382.58604,29.795,1.0871,32.3901445,317.94
382.78909,29.795,1.0871,32.3901445,317.94
382.97578,29.794,1.087,32.386078,317.94
383.17983,29.794,1.087,32.386078,317.94
383.38149,29.794,1.0869,32.3830986,317.94
383.58271,29.792,1.0869,32.3809248,317.94
383.76985,29.793,1.0869,32.3820117,317.94
383.9707,29.798,1.0873,32.3993654,318
384.17377,29.805,1.0873,32.4069765,318
384.37379,29.805,1.0873,32.4069765,318
384.5765,29.805,1.0873,32.4069765,318
384.77789,29.805,1.0873,32.4069765,318.06
384.96627,29.806,1.0873,32.4080638,318.06
385.16946,29.806,1.0873,32.4080638,318.06
385.37209,29.806,1.0873,32.4080638,318.06
385.57361,29.806,1.0872,32.4050832,318.06
385.75905,29.805,1.0872,32.403996,318.06
385.96081,29.806,1.0872,32.4050832,318.13
386.16476,29.806,1.0872,32.4050832,318.13
386.36676,29.806,1.0872,32.4050832,318.13
386.56939,29.805,1.0871,32.4010155,318.13
386.75347,29.805,1.0871,32.4010155,318.13
386.95615,29.806,1.0871,32.4021026,318.13
387.15591,29.804,1.0871,32.3999284,318.13
387.35608,29.806,1.087,32.399122,318.13
387.55923,29.8,1.0868,32.38664,318.13
387.76153,29.799,1.0868,32.3855532,318.13
387.96225,29.798,1.0867,32.3814866,318.19
388.14987,29.797,1.0867,32.3803999,318.19
388.349,29.796,1.0866,32.3763336,318.19
388.549,29.796,1.0866,32.3763336,318.25
388.75049,29.796,1.0866,32.3763336,318.25
388.95542,29.797,1.0867,32.3803999,318.25
389.1422,29.799,1.0866,32.3795934,318.25
389.34497,29.799,1.0866,32.3795934,318.25
389.54696,29.798,1.0866,32.3785068,318.25
389.75102,29.797,1.0865,32.3744405,318.25
389.95267,29.795,1.0865,32.3722675,318.25
390.13744,29.796,1.0865,32.373354,318.25
390.33858,29.798,1.0866,32.3785068,318.25
390.54019,29.799,1.0865,32.3766135,318.25
390.74123,29.799,1.0865,32.3766135,318.31
390.94511,29.799,1.0865,32.3766135,318.31
391.13229,29.799,1.0865,32.3766135,318.31
391.33477,29.799,1.0864,32.3736336,318.31
391.53575,29.799,1.0864,32.3736336,318.31
391.73734,29.798,1.0864,32.3725472,318.31
391.94007,29.798,1.0863,32.3695674,318.38
392.12701,29.797,1.0863,32.3684811,318.38
392.32843,29.798,1.0863,32.3695674,318.38
392.52981,29.797,1.0863,32.3684811,318.38
392.73199,29.796,1.0862,32.3644152,318.38
392.93496,29.797,1.0863,32.3684811,318.38
393.12962,29.799,1.0864,32.3736336,318.44
393.33298,29.805,1.0865,32.3831325,318.44
393.53391,29.807,1.0865,32.3853055,318.44
393.72269,29.804,1.0863,32.3760852,318.44
393.92368,29.8,1.0862,32.36876,318.44
394.12531,29.799,1.0862,32.3676738,318.44
394.32869,29.798,1.0862,32.3665876,318.44
394.52926,29.798,1.0861,32.3636078,318.44
394.71586,29.798,1.0861,32.3636078,318.44
394.91854,29.798,1.0861,32.3636078,318.44
395.1197,29.797,1.0861,32.3625217,318.44
395.32373,29.797,1.086,32.359542,318.44
395.51282,29.797,1.086,32.359542,318.44
395.71292,29.797,1.086,32.359542,318.44
395.9153,29.796,1.0859,32.3554764,318.44
396.11696,29.794,1.0859,32.3533046,318.44
396.31724,29.792,1.0858,32.3481536,318.44
396.51956,29.793,1.0859,32.3522187,318.56
396.70622,29.795,1.0859,32.3543905,318.56
396.9096,29.795,1.0859,32.3543905,318.56
397.1069,29.795,1.0859,32.3543905,318.56
397.30591,29.796,1.0859,32.3554764,318.56
397.50952,29.796,1.086,32.358456,318.56
397.71168,29.799,1.086,32.361714,318.56
397.89814,29.798,1.0859,32.3576482,318.56
398.09658,29.797,1.086,32.359542,318.56
398.29857,29.806,1.0862,32.3752772,318.56
398.49911,29.807,1.0862,32.3763634,318.56
398.70156,29.806,1.0862,32.3752772,318.56
398.90448,29.806,1.0862,32.3752772,318.56
399.09358,29.806,1.0862,32.3752772,318.56
399.29662,29.807,1.0861,32.3733827,318.56
399.49898,29.806,1.0861,32.3722966,318.56
399.70204,29.807,1.0861,32.3733827,318.56
399.8884,29.807,1.0861,32.3733827,318.56
400.08861,29.807,1.0861,32.3733827,318.63
400.28972,29.807,1.0861,32.3733827,318.63
400.49176,29.807,1.0861,32.3733827,318.63
400.69371,29.807,1.0861,32.3733827,318.63
400.89677,29.808,1.086,32.371488,318.63
401.09577,29.807,1.086,32.370402,318.63
401.28103,29.808,1.086,32.371488,318.69
401.48371,29.807,1.0859,32.3674213,318.69
401.68501,29.807,1.086,32.370402,318.69
401.88605,29.806,1.0859,32.3663354,318.69
402.08854,29.808,1.0859,32.3685072,318.69
402.28851,29.805,1.0857,32.3592885,318.69
402.48972,29.803,1.0857,32.3571171,318.69
402.67379,29.803,1.0857,32.3571171,318.69
402.87498,29.803,1.0857,32.3571171,318.69
403.07866,29.802,1.0856,32.3530512,318.69
403.28009,29.802,1.0856,32.3530512,318.69
403.48269,29.802,1.0856,32.3530512,318.69
403.66958,29.802,1.0856,32.3530512,318.69
403.87138,29.802,1.0856,32.3530512,318.75
404.07287,29.802,1.0855,32.350071,318.75
404.27267,29.802,1.0855,32.350071,318.75
404.47369,29.801,1.0855,32.3489855,318.75
404.67551,29.801,1.0855,32.3489855,318.75
404.87697,29.8,1.0855,32.3479,318.75
405.07546,29.8,1.0854,32.34492,318.75
405.26289,29.8,1.0855,32.3479,318.81
405.46498,29.801,1.0854,32.3460054,318.81
405.66684,29.801,1.0854,32.3460054,318.81
405.86894,29.801,1.0854,32.3460054,318.81
406.0573,29.801,1.0854,32.3460054,318.81
406.26085,29.8,1.0854,32.34492,318.88
406.46055,29.8,1.0854,32.34492,318.88
406.66354,29.799,1.0854,32.3438346,318.88
406.86571,29.799,1.0853,32.3408547,318.88
407.05427,29.799,1.0853,32.3408547,318.88
407.25563,29.799,1.0853,32.3408547,318.88
407.45734,29.798,1.0852,32.3367896,318.88
407.66057,29.798,1.0852,32.3367896,318.88
407.84777,29.799,1.0852,32.3378748,318.88
408.04857,29.799,1.0852,32.3378748,318.88
408.2503,29.798,1.0852,32.3367896,318.88
408.45373,29.798,1.0851,32.3338098,318.94
408.65612,29.797,1.0851,32.3327247,318.94
408.84348,29.796,1.0851,32.3316396,318.94
409.04367,29.796,1.085,32.32866,318.94
409.24865,29.796,1.085,32.32866,319
409.45154,29.796,1.085,32.32866,319
409.65303,29.795,1.085,32.327575,319
409.84031,29.796,1.085,32.32866,319
410.04051,29.796,1.085,32.32866,319
410.24091,29.795,1.0849,32.3245955,319
410.44477,29.794,1.0848,32.3205312,319.06
410.64523,29.795,1.085,32.327575,319.06
410.84483,29.798,1.085,32.33083,319.06
411.04661,29.798,1.085,32.33083,319.06
411.23266,29.799,1.085,32.331915,319.06
411.43505,29.799,1.0849,32.3289351,319.06
411.63886,29.797,1.0848,32.3237856,319.06
411.84184,29.795,1.0847,32.3186365,319.06
412.03019,29.792,1.0846,32.3124032,319.06
412.23169,29.792,1.0846,32.3124032,319.06
412.43486,29.79,1.0846,32.310234,319.06
412.63619,29.79,1.0845,32.307255,319.06
412.82463,29.788,1.0844,32.3021072,319.06
413.02649,29.787,1.0844,32.3010228,319.06
413.22924,29.789,1.0844,32.3031916,319.13
413.43167,29.787,1.0843,32.2980441,319.13
413.61895,29.787,1.0846,32.3069802,319.13
413.82053,29.799,1.0847,32.3229753,319.13
414.02103,29.798,1.0848,32.3248704,319.13
414.22389,29.799,1.0848,32.3259552,319.13
414.42573,29.802,1.0849,32.3321898,319.19
414.62858,29.802,1.0847,32.3262294,319.19
414.81424,29.797,1.0847,32.3208059,319.19
415.0159,29.796,1.0846,32.3167416,319.19
415.22003,29.796,1.0846,32.3167416,319.19
415.4228,29.796,1.0846,32.3167416,319.19
415.62285,29.796,1.0846,32.3167416,319.19
415.82027,29.796,1.0846,32.3167416,319.19
416.02039,29.795,1.0846,32.315657,319.25
416.22057,29.795,1.0845,32.3126775,319.25
416.40665,29.795,1.0845,32.3126775,319.25
416.60934,29.795,1.0845,32.3126775,319.25
416.81113,29.794,1.0845,32.311593,319.25
417.01253,29.794,1.0845,32.311593,319.25
417.21459,29.794,1.0844,32.3086136,319.25
417.40183,29.794,1.0844,32.3086136,319.25
417.60588,29.793,1.0844,32.3075292,319.31
417.80875,29.793,1.0844,32.3075292,319.31
418.00978,29.793,1.0844,32.3075292,319.31
418.1971,29.793,1.0844,32.3075292,319.31
418.39869,29.792,1.0843,32.3034656,319.31
418.60139,29.793,1.0843,32.3045499,319.31
418.80504,29.792,1.0843,32.3034656,319.31
419.00589,29.792,1.0843,32.3034656,319.31
419.19087,29.793,1.0843,32.3045499,319.31
419.39295,29.794,1.0843,32.3056342,319.31
419.59379,29.794,1.0843,32.3056342,319.31
419.79703,29.794,1.0843,32.3056342,319.31
419.99976,29.794,1.0843,32.3056342,319.31
420.18681,29.794,1.0842,32.3026548,319.31
420.38996,29.794,1.0842,32.3026548,319.31
420.5917,29.793,1.0842,32.3015706,319.31
420.79484,29.793,1.0841,32.2985913,319.31
420.99492,29.792,1.0843,32.3034656,319.38
421.18278,29.799,1.0844,32.3140356,319.38
421.3846,29.799,1.0844,32.3140356,319.38
421.58768,29.801,1.0844,32.3162044,319.38
421.79156,29.804,1.0844,32.3194576,319.38
421.97852,29.802,1.0843,32.3143086,319.38
422.17991,29.798,1.0844,32.3129512,319.38
422.38356,29.802,1.0843,32.3143086,319.38
422.58493,29.8,1.0843,32.31214,319.38
422.78603,29.8,1.0842,32.30916,319.44
422.97279,29.798,1.0842,32.3069916,319.44
423.17547,29.798,1.0842,32.3069916,319.44
423.37696,29.8,1.0843,32.31214,319.44
423.57814,29.8,1.0842,32.30916,319.44
423.7796,29.799,1.0842,32.3080758,319.44
423.96915,29.799,1.0842,32.3080758,319.44
424.17269,29.799,1.0842,32.3080758,319.44
424.3737,29.799,1.0842,32.3080758,319.44
424.57461,29.799,1.0841,32.3050959,319.44
424.77384,29.798,1.0841,32.3040118,319.44
424.97365,29.798,1.084,32.301032,319.44
425.16162,29.796,1.0841,32.3018436,319.5
425.36501,29.798,1.0841,32.3040118,319.5
425.56653,29.8,1.0842,32.30916,319.5
425.76781,29.802,1.0842,32.3113284,319.5
425.97073,29.799,1.0841,32.3050959,319.5
426.35964,29.799,1.0841,32.3050959,319.5
426.56176,29.799,1.084,32.302116,319.5
426.76583,29.797,1.084,32.299948,319.5
426.96727,29.801,1.0843,32.3132243,319.5
427.35752,29.807,1.0841,32.3137687,319.56
427.56044,29.799,1.0839,32.2991361,319.56
427.7627,29.799,1.084,32.302116,319.56
428.14973,29.799,1.0839,32.2991361,319.56
428.35247,29.8,1.084,32.3032,319.56
428.55663,29.803,1.084,32.306452,319.63
428.94425,29.803,1.084,32.306452,319.63
429.1456,29.802,1.0839,32.3023878,319.63
429.3455,29.8,1.0838,32.29724,319.63
429.54585,29.798,1.0839,32.2980522,319.63
429.74471,29.801,1.0839,32.3013039,319.63
429.94245,29.799,1.0838,32.2961562,319.63
430.14598,29.8,1.0839,32.30022,319.69
430.34859,29.8,1.0837,32.29426,319.69
430.73639,29.797,1.0837,32.2910089,319.69
430.93856,29.798,1.0837,32.2920926,319.69
431.13756,29.799,1.0838,32.2961562,319.69
431.34034,29.802,1.0839,32.3023878,319.69
431.54315,29.802,1.0838,32.2994076,319.69
431.93222,29.802,1.0839,32.3023878,319.75
432.13613,29.801,1.0838,32.2983238,319.75
432.53877,29.803,1.0837,32.2975111,319.75
432.93057,29.8,1.0837,32.29426,319.75
433.13166,29.804,1.0837,32.2985948,319.75
433.52176,29.8,1.0837,32.29426,319.75
433.72393,29.802,1.0838,32.2994076,319.75
433.92572,29.803,1.0837,32.2975111,319.75
434.12794,29.802,1.0836,32.2934472,319.75
434.52451,29.801,1.0837,32.2953437,319.75
434.91386,29.804,1.0837,32.2985948,319.81
435.11577,29.805,1.0836,32.296698,319.81
435.31928,29.803,1.0837,32.2975111,319.81
435.71004,29.806,1.0837,32.3007622,319.81
435.9117,29.805,1.0837,32.2996785,319.81
436.11169,29.802,1.0836,32.2934472,319.88
436.31619,29.804,1.0836,32.2956144,319.94
436.70735,29.803,1.0836,32.2945308,319.94
436.91033,29.803,1.0835,32.2915505,319.94
437.3138,29.802,1.0835,32.290467,319.94
437.69983,29.802,1.0835,32.290467,319.94
437.90175,29.802,1.0835,32.290467,319.94
438.10522,29.803,1.0835,32.2915505,320
438.50667,29.802,1.0835,32.290467,320.06
438.89692,29.805,1.0835,32.2937175,320.06
439.09953,29.806,1.0834,32.2918204,320.06
439.50385,29.802,1.0834,32.2874868,320.06
439.89211,29.805,1.0836,32.296698,320.06
440.0947,29.807,1.0834,32.2929038,320.06
440.49464,29.807,1.0835,32.2958845,320.06
440.88375,29.805,1.0834,32.290737,320.06
441.08499,29.805,1.0834,32.290737,320.06
441.28573,29.804,1.0834,32.2896536,320.06
441.6912,29.804,1.0833,32.2866732,320.06
442.07949,29.803,1.0833,32.2855899,320.06
442.28166,29.802,1.0832,32.2815264,320.06
442.68502,29.802,1.0832,32.2815264,320.06
443.07357,29.803,1.0833,32.2855899,320.06
443.27577,29.803,1.0832,32.2826096,320.06
443.67784,29.803,1.0832,32.2826096,320.13
444.08017,29.808,1.0833,32.2910064,320.13
444.46847,29.803,1.0831,32.2796293,320.13
444.86961,29.804,1.0831,32.2807124,320.13
445.27365,29.802,1.0831,32.2785462,320.13
445.66208,29.801,1.083,32.274483,320.13
446.06462,29.801,1.083,32.274483,320.13
446.46914,29.804,1.0832,32.2836928,320.13
446.85571,29.806,1.0832,32.2858592,320.13
447.26618,29.805,1.0831,32.2817955,320.13
447.65265,29.805,1.0831,32.2817955,320.13
448.05073,29.804,1.0831,32.2807124,320.13
448.45355,29.805,1.083,32.278815,320.13
448.85602,29.805,1.083,32.278815,320.13
449.24578,29.806,1.083,32.279898,320.13
449.64963,29.805,1.083,32.278815,320.13
450.03937,29.805,1.0829,32.2758345,320.13
450.44259,29.804,1.0829,32.2747516,320.19
450.8464,29.8,1.0825,32.2585,320.19
451.24702,29.799,1.0827,32.2633773,320.25
451.64417,29.799,1.0827,32.2633773,320.31
452.03026,29.798,1.0826,32.2593148,320.31
452.43425,29.798,1.0826,32.2593148,320.44
452.83918,29.795,1.0825,32.2530875,320.44
453.22827,29.799,1.0825,32.2574175,320.44
453.63168,29.797,1.0825,32.2552525,320.44
454.02048,29.801,1.0826,32.2625626,320.44
454.42461,29.801,1.0826,32.2625626,320.44
454.82839,29.798,1.0824,32.2533552,320.44
455.21644,29.799,1.0824,32.2544376,320.44
455.62017,29.798,1.0824,32.2533552,320.44
456.01001,29.797,1.0824,32.2522728,320.44
456.41632,29.797,1.0823,32.2492931,320.44
456.80451,29.797,1.0823,32.2492931,320.44
457.20665,29.796,1.0823,32.2482108,320.5
457.60481,29.803,1.0825,32.2617475,320.56
458.01117,29.804,1.0825,32.26283,320.56
458.3988,29.804,1.0825,32.26283,320.56
458.80351,29.804,1.0824,32.2598496,320.63
459.20506,29.803,1.0824,32.2587672,320.69
459.59501,29.801,1.0822,32.2506422,320.69
459.99904,29.8,1.0821,32.24658,320.69
460.40152,29.793,1.082,32.236026,320.69
460.78895,29.792,1.082,32.234944,320.69
461.19076,29.801,1.0823,32.2536223,320.69
461.5936,29.804,1.0824,32.2598496,320.69
461.98265,29.804,1.0824,32.2598496,320.69
462.38685,29.804,1.0823,32.2568692,320.69
462.78975,29.803,1.0823,32.2557869,320.69
463.17705,29.804,1.0823,32.2568692,320.69
463.58362,29.803,1.0822,32.2528066,320.69
463.97053,29.803,1.0821,32.2498263,320.69
464.37082,29.797,1.0819,32.2373743,320.75
464.77596,29.795,1.0819,32.2352105,320.75
465.16372,29.795,1.082,32.23819,320.75
465.56963,29.797,1.0819,32.2373743,320.81
465.96026,29.798,1.082,32.241436,320.81
466.36231,29.802,1.0821,32.2487442,320.81
466.76658,29.803,1.0821,32.2498263,320.81
467.15512,29.803,1.0821,32.2498263,320.81
467.55977,29.803,1.082,32.246846,320.81
467.95054,29.797,1.0819,32.2373743,320.81
468.35351,29.796,1.0819,32.2362924,320.81
468.75694,29.796,1.0819,32.2362924,320.81
469.15776,29.798,1.082,32.241436,320.81
469.55148,29.799,1.0819,32.2395381,320.81
469.94077,29.8,1.082,32.2436,320.81
470.34294,29.8,1.082,32.2436,320.81
470.74579,29.798,1.0819,32.2384562,320.81
471.1348,29.795,1.0819,32.2352105,320.81
471.53998,29.799,1.082,32.242518,320.81
471.94399,29.8,1.082,32.2436,320.81
472.32944,29.8,1.082,32.2436,320.81
472.7338,29.8,1.0819,32.24062,320.81
473.13697,29.799,1.0819,32.2395381,320.81
473.52371,29.801,1.082,32.244682,320.81
473.92762,29.802,1.082,32.245764,320.81
474.33282,29.803,1.082,32.246846,320.81
474.72,29.803,1.082,32.246846,320.81
475.12446,29.803,1.082,32.246846,320.81
475.5126,29.804,1.082,32.247928,320.81
475.91957,29.803,1.0819,32.2438657,320.81
476.3238,29.802,1.0819,32.2427838,320.81
476.71167,29.802,1.0819,32.2427838,320.81
477.11487,29.802,1.0819,32.2427838,320.81
477.51851,29.802,1.0819,32.2427838,320.81
477.90688,29.801,1.0819,32.2417019,320.81
478.31199,29.801,1.0818,32.2387218,320.81
478.69938,29.801,1.0818,32.2387218,320.81
479.10107,29.797,1.0818,32.2343946,320.81
479.50026,29.803,1.0818,32.2408854,320.81
479.90355,29.796,1.0816,32.2273536,320.88
480.29697,29.796,1.0816,32.2273536,320.94
480.69002,29.794,1.0816,32.2251904,320.94
481.09358,29.796,1.0817,32.2303332,320.94
481.49767,29.802,1.0819,32.2427838,320.94
481.88811,29.807,1.0819,32.2481933,320.94
482.29415,29.805,1.0818,32.243049,320.94
482.68144,29.804,1.0818,32.2419672,321
483.08543,29.804,1.0817,32.2389868,321
483.47515,29.802,1.0816,32.2338432,321
483.8748,29.798,1.0815,32.226537,321
484.28035,29.803,1.0817,32.2379051,321
484.66956,29.804,1.0817,32.2389868,321
485.07378,29.804,1.0819,32.2449476,321
485.47804,29.808,1.0818,32.2462944,321.06
485.87132,29.807,1.0817,32.2422319,321.13
486.26229,29.807,1.0817,32.2422319,321.13
486.66798,29.806,1.0817,32.2411502,321.13
487.0706,29.805,1.0816,32.237088,321.13
487.45881,29.805,1.0816,32.237088,321.13
487.86504,29.805,1.0816,32.237088,321.13
488.25523,29.804,1.0815,32.233026,321.13
488.65917,29.804,1.0815,32.233026,321.13
489.04798,29.803,1.0815,32.2319445,321.13
489.45161,29.803,1.0815,32.2319445,321.13
489.85473,29.803,1.0815,32.2319445,321.13
490.24619,29.803,1.0814,32.2289642,321.13
490.6506,29.802,1.0814,32.2278828,321.13
491.04078,29.802,1.0814,32.2278828,321.13
491.44393,29.802,1.0814,32.2278828,321.13
491.84796,29.803,1.0814,32.2289642,321.13
492.23606,29.804,1.0814,32.2300456,321.19
492.63851,29.803,1.0815,32.2319445,321.25
493.04122,29.807,1.0815,32.2362705,321.25
493.42515,29.806,1.0815,32.235189,321.25
493.8255,29.806,1.0815,32.235189,321.25
494.22489,29.806,1.0814,32.2322084,321.25
494.63152,29.806,1.0814,32.2322084,321.31
495.01946,29.807,1.0814,32.2332898,321.31
495.42216,29.807,1.0814,32.2332898,321.31
495.82019,29.806,1.0814,32.2322084,321.31
496.22171,29.806,1.0813,32.2292278,321.31
496.61265,29.806,1.0813,32.2292278,321.31
497.01679,29.806,1.0813,32.2292278,321.31
497.40693,29.806,1.0813,32.2292278,321.31
497.80828,29.806,1.0813,32.2292278,321.38
498.20682,29.806,1.0812,32.2262472,321.38
498.614,29.805,1.0812,32.225166,321.38
499.00202,29.806,1.0812,32.2262472,321.38
499.40818,29.806,1.0812,32.2262472,321.38
499.79592,29.805,1.0812,32.225166,321.38
500.19963,29.804,1.0811,32.2211044,321.38
500.59028,29.804,1.0811,32.2211044,321.38
500.99524,29.803,1.0811,32.2200233,321.38
501.39961,29.803,1.0811,32.2200233,321.38
501.79018,29.803,1.0811,32.2200233,321.38
502.184,29.803,1.081,32.217043,321.38
502.58802,29.802,1.081,32.215962,321.38
502.98761,29.797,1.0808,32.2045976,321.38
503.39044,29.797,1.0807,32.2016179,321.38
503.77835,29.799,1.0809,32.2097391,321.38
504.1798,29.802,1.081,32.215962,321.38
504.58256,29.804,1.081,32.218124,321.38
504.97004,29.803,1.081,32.217043,321.38
505.37616,29.804,1.081,32.218124,321.38
505.76659,29.804,1.081,32.218124,321.38
506.17212,29.797,1.0806,32.1986382,321.38
506.57502,29.798,1.0809,32.2086582,321.38
506.96547,29.803,1.081,32.217043,321.38
507.36943,29.803,1.0808,32.2110824,321.38
507.7575,29.8,1.0808,32.20784,321.38
508.16395,29.802,1.0809,32.2129818,321.38
508.55309,29.803,1.0809,32.2140627,321.38
508.95962,29.803,1.0809,32.2140627,321.38
509.34959,29.802,1.0808,32.2100016,321.38
509.75282,29.801,1.0808,32.2089208,321.44
510.15395,29.802,1.0808,32.2100016,321.44
510.55494,29.801,1.0808,32.2089208,321.44
510.94279,29.802,1.0808,32.2100016,321.44
511.34754,29.802,1.0808,32.2100016,321.44
511.75126,29.802,1.0808,32.2100016,321.44
512.13722,29.802,1.0808,32.2100016,321.44
512.53906,29.802,1.0808,32.2100016,321.44
512.93852,29.802,1.0808,32.2100016,321.44
513.32776,29.802,1.0808,32.2100016,321.44
513.73375,29.803,1.0808,32.2110824,321.44
514.13705,29.803,1.0808,32.2110824,321.44
514.52668,29.803,1.0807,32.2081021,321.5
514.93068,29.802,1.0807,32.2070214,321.56
515.31935,29.803,1.0807,32.2081021,321.56
515.72624,29.803,1.0807,32.2081021,321.63
516.1288,29.804,1.0807,32.2091828,321.63
516.51667,29.804,1.0807,32.2091828,321.63
516.9199,29.804,1.0807,32.2091828,321.63
517.31167,29.804,1.0807,32.2091828,321.63
517.71372,29.804,1.0807,32.2091828,321.63
518.11961,29.805,1.0806,32.207283,321.63
518.50619,29.804,1.0806,32.2062024,321.63
518.90928,29.804,1.0806,32.2062024,321.69
519.31366,29.804,1.0806,32.2062024,321.69
519.70275,29.804,1.0806,32.2062024,321.69
520.10789,29.804,1.0806,32.2062024,321.69
520.49712,29.804,1.0806,32.2062024,321.69
520.90175,29.804,1.0806,32.2062024,321.75
521.2909,29.804,1.0805,32.203222,321.75
521.69485,29.804,1.0805,32.203222,321.75
522.09966,29.804,1.0805,32.203222,321.75
522.48861,29.804,1.0805,32.203222,321.75
522.89125,29.805,1.0805,32.2043025,321.75
523.28177,29.803,1.0805,32.2021415,321.75
523.68592,29.804,1.0805,32.203222,321.75
524.07732,29.804,1.0804,32.2002416,321.75
524.48256,29.804,1.0804,32.2002416,321.75
524.88494,29.803,1.0804,32.1991612,321.75
525.27277,29.803,1.0804,32.1991612,321.75
525.67653,29.803,1.0804,32.1991612,321.75
526.06653,29.804,1.0804,32.2002416,321.75
526.47062,29.805,1.0804,32.201322,321.75
526.87376,29.805,1.0804,32.201322,321.75
527.26302,29.805,1.0803,32.1983415,321.75
527.67018,29.804,1.0803,32.1972612,321.75
528.05943,29.803,1.0803,32.1961809,321.75
528.46274,29.798,1.0801,32.1848198,321.75
528.86621,29.796,1.0801,32.1826596,321.81
529.25176,29.801,1.0802,32.1910402,321.81
529.65779,29.803,1.0801,32.1902203,321.81
530.06095,29.805,1.0806,32.207283,321.81
530.44967,29.813,1.0806,32.2159278,321.88
530.85462,29.813,1.0805,32.2129465,321.88
531.25618,29.811,1.0805,32.2107855,321.88
531.64527,29.809,1.0804,32.2056436,321.88
532.05018,29.808,1.0804,32.2045632,321.88
532.43961,29.807,1.0803,32.2005021,321.88
532.84404,29.808,1.0803,32.2015824,321.88
533.23467,29.807,1.0803,32.2005021,321.88
533.63925,29.807,1.0803,32.2005021,321.88
534.04251,29.806,1.0802,32.1964412,321.88
534.4337,29.806,1.0802,32.1964412,321.88
534.83803,29.805,1.0802,32.195361,321.88
535.22219,29.805,1.0801,32.1923805,321.94
535.62532,29.804,1.0801,32.1913004,321.94
536.0282,29.804,1.0801,32.1913004,321.94
536.41947,29.804,1.0801,32.1913004,321.94
536.82158,29.803,1.0801,32.1902203,321.94
537.227,29.802,1.08,32.18616,321.94
537.61738,29.803,1.08,32.18724,321.94
538.02235,29.803,1.0801,32.1902203,321.94
538.41169,29.813,1.0805,32.2129465,321.94
538.8172,29.815,1.0803,32.2091445,321.94
539.20705,29.808,1.0801,32.1956208,321.94
539.61161,29.806,1.0801,32.1934606,321.94
540.00039,29.805,1.08,32.1894,321.94
540.40581,29.803,1.08,32.18724,321.94
540.80941,29.807,1.0804,32.2034828,321.94
541.19665,29.815,1.0804,32.212126,321.94
541.60056,29.815,1.0804,32.212126,321.94
542.00541,29.815,1.0803,32.2091445,321.94
542.39483,29.809,1.0802,32.1996818,321.94
542.79366,29.808,1.0802,32.1986016,321.94
543.19647,29.808,1.0802,32.1986016,321.94
543.58766,29.808,1.0801,32.1956208,321.94
543.99111,29.807,1.0802,32.1975214,321.94
544.39233,29.808,1.0802,32.1986016,321.94
544.78014,29.807,1.0801,32.1945407,321.94
545.18413,29.807,1.0801,32.1945407,321.94
545.57365,29.806,1.0801,32.1934606,321.94
545.97402,29.805,1.0801,32.1923805,321.94
546.37364,29.804,1.0801,32.1913004,321.94
546.78057,29.812,1.0803,32.2059036,321.94
547.16926,29.81,1.0802,32.200762,321.94
547.57523,29.809,1.0802,32.1996818,321.94
547.96232,29.809,1.0801,32.1967009,321.94
548.3678,29.809,1.0801,32.1967009,321.94
548.77212,29.809,1.0801,32.1967009,321.94
549.16257,29.809,1.0801,32.1967009,321.94
549.56612,29.81,1.0801,32.197781,321.94
549.95371,29.81,1.0801,32.197781,321.94
550.35361,29.81,1.0801,32.197781,321.94
550.75753,29.809,1.0801,32.1967009,321.94
551.14734,29.81,1.0801,32.197781,321.94
551.55101,29.809,1.0801,32.1967009,321.94
551.94983,29.809,1.0801,32.1967009,321.94
552.34078,29.809,1.08,32.19372,322
552.7451,29.809,1.08,32.19372,322
553.14852,29.809,1.08,32.19372,322
553.53646,29.808,1.08,32.19264,322
553.93654,29.809,1.08,32.19372,322.06
554.33952,29.809,1.08,32.19372,322.06
554.74156,29.809,1.08,32.19372,322.13
555.1315,29.809,1.08,32.19372,322.13
555.53602,29.809,1.0799,32.1907391,322.13
555.92732,29.809,1.0799,32.1907391,322.13
556.32737,29.809,1.0799,32.1907391,322.13
556.73221,29.809,1.0799,32.1907391,322.13
557.12184,29.809,1.0799,32.1907391,322.13
557.52168,29.809,1.0799,32.1907391,322.13
557.92527,29.809,1.0799,32.1907391,322.13
558.31193,29.809,1.0799,32.1907391,322.13
558.71712,29.809,1.0798,32.1877582,322.13
559.10955,29.809,1.0799,32.1907391,322.13
559.51504,29.808,1.0798,32.1866784,322.13
559.91894,29.809,1.0798,32.1877582,322.13
560.30955,29.809,1.0798,32.1877582,322.13
560.71146,29.809,1.0798,32.1877582,322.13
561.10117,29.808,1.0798,32.1866784,322.13
561.50491,29.808,1.0798,32.1866784,322.13
561.89423,29.808,1.0798,32.1866784,322.13
562.29952,29.808,1.0798,32.1866784,322.13
562.69816,29.808,1.0798,32.1866784,322.19
563.10109,29.808,1.0798,32.1866784,322.19
563.49056,29.808,1.0798,32.1866784,322.19
563.89598,29.808,1.0797,32.1836976,322.19
564.28402,29.808,1.0797,32.1836976,322.19
564.69174,29.808,1.0797,32.1836976,322.25
565.07915,29.808,1.0797,32.1836976,322.25
565.48388,29.808,1.0797,32.1836976,322.25
565.88807,29.808,1.0797,32.1836976,322.25
566.27665,29.809,1.0797,32.1847773,322.25
566.67697,29.808,1.0796,32.1807168,322.31
567.07962,29.808,1.0796,32.1807168,322.31
567.47236,29.809,1.0796,32.1817964,322.31
567.87824,29.809,1.0796,32.1817964,322.31
568.26543,29.809,1.0796,32.1817964,322.31
568.67008,29.809,1.0796,32.1817964,322.31
569.06946,29.809,1.0796,32.1817964,322.31
569.45976,29.809,1.0796,32.1817964,322.31
569.86012,29.808,1.0796,32.1807168,322.31
570.26283,29.809,1.0796,32.1817964,322.31
570.66696,29.809,1.0796,32.1817964,322.31
571.05732,29.809,1.0796,32.1817964,322.31
571.46055,29.808,1.0795,32.177736,322.38
571.84839,29.809,1.0795,32.1788155,322.38
572.25159,29.809,1.0795,32.1788155,322.38
572.65484,29.809,1.0795,32.1788155,322.38
573.04482,29.809,1.0795,32.1788155,322.38
573.4501,29.81,1.0795,32.179895,322.38
573.85711,29.81,1.0795,32.179895,322.38
574.24584,29.809,1.0795,32.1788155,322.38
574.63373,29.81,1.0795,32.179895,322.38
575.03509,29.81,1.0795,32.179895,322.38
575.44201,29.81,1.0794,32.176914,322.38
575.83043,29.81,1.0794,32.176914,322.38
576.23516,29.81,1.0794,32.176914,322.44
576.624,29.81,1.0794,32.176914,322.44
577.02521,29.809,1.0794,32.1758346,322.44
577.42756,29.809,1.0794,32.1758346,322.44
577.83043,29.809,1.0794,32.1758346,322.44
578.21865,29.809,1.0794,32.1758346,322.5
578.623,29.809,1.0794,32.1758346,322.5
579.01378,29.809,1.0794,32.1758346,322.5
579.41907,29.809,1.0794,32.1758346,322.5
579.81091,29.809,1.0793,32.1728537,322.5
580.21294,29.809,1.0793,32.1728537,322.5
580.61381,29.809,1.0793,32.1728537,322.5
581.01665,29.81,1.0793,32.173933,322.5
581.40663,29.81,1.0793,32.173933,322.5
581.81252,29.81,1.0793,32.173933,322.5
582.20284,29.81,1.0793,32.173933,322.5
582.60729,29.81,1.0793,32.173933,322.5
582.99608,29.81,1.0793,32.173933,322.5
583.40011,29.81,1.0792,32.170952,322.5
583.7895,29.81,1.0792,32.170952,322.5
584.19011,29.81,1.0792,32.170952,322.5
584.59504,29.81,1.0792,32.170952,322.56
584.99625,29.81,1.0792,32.170952,322.56
585.38513,29.809,1.0791,32.1668919,322.56
585.79149,29.809,1.0791,32.1668919,322.56
586.182,29.808,1.0791,32.1658128,322.56
586.58497,29.808,1.0791,32.1658128,322.56
586.9876,29.808,1.0791,32.1658128,322.56
587.37698,29.808,1.0791,32.1658128,322.56
587.78521,29.808,1.079,32.162832,322.56
588.17369,29.807,1.079,32.161753,322.63
588.57746,29.806,1.079,32.160674,322.63
588.96708,29.806,1.0787,32.1517322,322.63
589.37101,29.8,1.0787,32.14526,322.63
589.77518,29.803,1.0789,32.1544567,322.63
590.16473,29.807,1.079,32.161753,322.63
590.56843,29.808,1.079,32.162832,322.63
590.96259,29.809,1.079,32.163911,322.63
591.36618,29.809,1.079,32.163911,322.69
591.75581,29.809,1.0789,32.1609301,322.69
592.16384,29.808,1.0789,32.1598512,322.69
592.55388,29.809,1.0789,32.1609301,322.69
592.95861,29.809,1.0789,32.1609301,322.69
593.14591,29.809,1.0789,32.1609301,322.69
593.34804,29.809,1.0789,32.1609301,322.69
593.55,29.809,1.0789,32.1609301,322.75
593.75371,29.809,1.0789,32.1609301,322.75
593.9405,29.808,1.0789,32.1598512,322.75
594.14272,29.808,1.0788,32.1568704,322.75
594.34622,29.808,1.0789,32.1598512,322.75
594.54849,29.808,1.0788,32.1568704,322.75
594.75064,29.807,1.0788,32.1557916,322.75
594.93853,29.806,1.0788,32.1547128,322.75
595.13951,29.807,1.0788,32.1557916,322.75
595.34178,29.807,1.0788,32.1557916,322.75
595.54258,29.807,1.0788,32.1557916,322.75
595.74695,29.808,1.0788,32.1568704,322.75
595.9337,29.808,1.0788,32.1568704,322.75
596.13629,29.808,1.0788,32.1568704,322.75
596.33724,29.808,1.0788,32.1568704,322.75
596.53935,29.808,1.0788,32.1568704,322.75
596.74118,29.808,1.0788,32.1568704,322.75
596.93764,29.808,1.0788,32.1568704,322.75
597.13667,29.807,1.0788,32.1557916,322.75
597.33468,29.808,1.0787,32.1538896,322.75
597.53379,29.808,1.0788,32.1568704,322.75
597.73473,29.808,1.0788,32.1568704,322.75
597.93477,29.808,1.0787,32.1538896,322.75
598.12216,29.808,1.0788,32.1568704,322.75
598.32212,29.808,1.0788,32.1568704,322.75
598.52473,29.809,1.0788,32.1579492,322.75
598.72818,29.809,1.0788,32.1579492,322.75
598.92998,29.809,1.0787,32.1549683,322.75
599.13041,29.809,1.0788,32.1579492,322.75
599.31855,29.809,1.0788,32.1579492,322.75
599.52053,29.81,1.0788,32.159028,322.75
599.72099,29.81,1.0788,32.159028,322.75
599.91854,29.81,1.0788,32.159028,322.75
600.12069,29.81,1.0788,32.159028,322.75
600.32166,29.81,1.0788,32.159028,322.75
600.52377,29.81,1.0787,32.156047,322.75
600.70971,29.81,1.0787,32.156047,322.75
600.91399,29.809,1.0787,32.1549683,322.75
601.1151,29.809,1.0787,32.1549683,322.75
601.3159,29.809,1.0787,32.1549683,322.75
601.51865,29.809,1.0787,32.1549683,322.75
601.70536,29.808,1.0787,32.1538896,322.75
601.90611,29.809,1.0787,32.1549683,322.75
602.10388,29.81,1.0787,32.156047,322.75
602.30696,29.809,1.0787,32.1549683,322.75
602.5089,29.809,1.0787,32.1549683,322.75
602.7085,29.81,1.0787,32.156047,322.75
602.90933,29.81,1.0787,32.156047,322.75
603.1104,29.809,1.0787,32.1549683,322.75
603.2974,29.809,1.0786,32.1519874,322.75
603.50049,29.809,1.0786,32.1519874,322.75
603.70293,29.809,1.0786,32.1519874,322.75
603.90525,29.809,1.0786,32.1519874,322.75
604.09252,29.809,1.0786,32.1519874,322.75
604.29623,29.809,1.0786,32.1519874,322.75
604.49622,29.809,1.0786,32.1519874,322.75
604.69745,29.809,1.0786,32.1519874,322.75
604.89962,29.808,1.0786,32.1509088,322.75
605.09827,29.808,1.0786,32.1509088,322.75
605.2937,29.807,1.0785,32.1468495,322.75
605.49601,29.807,1.0785,32.1468495,322.75
605.69683,29.807,1.0785,32.1468495,322.75
605.88398,29.807,1.0785,32.1468495,322.75
606.0847,29.807,1.0785,32.1468495,322.75
606.28637,29.807,1.0785,32.1468495,322.75
606.48904,29.807,1.0785,32.1468495,322.75
606.68971,29.808,1.0785,32.147928,322.75
606.88949,29.808,1.0785,32.147928,322.75
607.09281,29.807,1.0785,32.1468495,322.75
607.29133,29.807,1.0785,32.1468495,322.75
607.48965,29.807,1.0785,32.1468495,322.75
607.67727,29.807,1.0785,32.1468495,322.75
607.88015,29.807,1.0785,32.1468495,322.75
608.08272,29.807,1.0785,32.1468495,322.75
608.28575,29.807,1.0785,32.1468495,322.75
608.48555,29.807,1.0785,32.1468495,322.75
608.67178,29.806,1.0785,32.145771,322.75
608.87417,29.807,1.0785,32.1468495,322.75
609.07705,29.807,1.0785,32.1468495,322.81
609.27859,29.807,1.0785,32.1468495,322.81
609.47848,29.807,1.0785,32.1468495,322.81
609.68076,29.807,1.0784,32.1438688,322.81
609.86797,29.807,1.0784,32.1438688,322.81
610.0702,29.807,1.0784,32.1438688,322.81
610.27287,29.807,1.0784,32.1438688,322.81
610.47328,29.806,1.0784,32.1427904,322.81
610.67493,29.806,1.0784,32.1427904,322.81
610.8618,29.805,1.0783,32.1387315,322.81
611.06324,29.804,1.0783,32.1376532,322.81
611.26369,29.803,1.0783,32.1365749,322.81
611.46644,29.802,1.0782,32.1325164,322.81
611.66829,29.798,1.0781,32.1252238,322.81
611.87024,29.805,1.0784,32.141712,322.81
612.05663,29.802,1.0782,32.1325164,322.81
612.25948,29.802,1.0783,32.1354966,322.81
612.45958,29.806,1.0784,32.1427904,322.81
612.66243,29.804,1.0783,32.1376532,322.81
612.86378,29.805,1.0784,32.141712,322.81
613.06501,29.809,1.0785,32.1490065,322.81
613.25268,29.809,1.0784,32.1460256,322.81
613.45384,29.809,1.0784,32.1460256,322.81
613.65629,29.809,1.0784,32.1460256,322.81
613.8592,29.808,1.0784,32.1449472,322.81
614.04595,29.808,1.0784,32.1449472,322.81
614.24809,29.808,1.0784,32.1449472,322.88
614.4461,29.808,1.0784,32.1449472,322.88
614.64582,29.809,1.0784,32.1460256,322.88
614.84746,29.809,1.0784,32.1460256,322.88
615.0497,29.809,1.0784,32.1460256,322.88
615.2495,29.808,1.0784,32.1449472,322.88
615.45375,29.809,1.0784,32.1460256,322.88
615.64053,29.808,1.0783,32.1419664,322.88
615.84269,29.805,1.0782,32.135751,322.88
616.04368,29.805,1.0782,32.135751,322.88
616.24506,29.803,1.0781,32.1306143,322.88
616.44949,29.804,1.0781,32.1316924,322.88
616.63728,29.802,1.0781,32.1295362,322.88
616.83846,29.804,1.0782,32.1346728,322.88
617.03742,29.805,1.0782,32.135751,322.88
617.24085,29.806,1.0782,32.1368292,322.88
617.43015,29.805,1.0782,32.135751,322.88
617.63319,29.805,1.0782,32.135751,322.88
617.83422,29.804,1.0782,32.1346728,322.88
618.03632,29.805,1.0783,32.1387315,322.88
618.23933,29.807,1.0782,32.1379074,322.88
618.43951,29.807,1.0783,32.1408881,322.88
618.62646,29.808,1.0783,32.1419664,322.88
618.82893,29.808,1.0783,32.1419664,322.88
619.03248,29.807,1.0782,32.1379074,322.88
619.2339,29.805,1.0781,32.1327705,322.88
619.43374,29.804,1.0782,32.1346728,322.88
619.63382,29.809,1.0783,32.1430447,322.88
619.8216,29.81,1.0784,32.147104,322.88
620.02295,29.811,1.0784,32.1481824,322.88
620.22637,29.81,1.0784,32.147104,322.88
620.42774,29.81,1.0783,32.144123,322.88
620.61398,29.809,1.0783,32.1430447,322.88
620.81633,29.808,1.0782,32.1389856,322.88
621.01889,29.807,1.0782,32.1379074,322.88
621.22095,29.806,1.0782,32.1368292,322.88
621.42074,29.807,1.0782,32.1379074,322.88
621.61949,29.808,1.0782,32.1389856,322.88
621.82065,29.807,1.0782,32.1379074,322.88
622.00768,29.807,1.0782,32.1379074,322.88
622.21172,29.804,1.078,32.128712,322.88
622.41111,29.801,1.0779,32.1224979,322.88
622.61373,29.801,1.0781,32.1284581,322.88
622.81686,29.805,1.0781,32.1327705,322.88
623.01778,29.806,1.0782,32.1368292,322.88
623.20497,29.807,1.0782,32.1379074,322.88
623.40404,29.807,1.0782,32.1379074,322.88
623.60727,29.808,1.0782,32.1389856,322.88
623.81027,29.808,1.0782,32.1389856,322.88
624.00912,29.808,1.0782,32.1389856,322.94
624.21041,29.808,1.0782,32.1389856,322.94
624.39749,29.808,1.0782,32.1389856,322.94
624.60013,29.808,1.0782,32.1389856,322.94
624.80013,29.809,1.0781,32.1370829,322.94
625.00375,29.804,1.0781,32.1316924,322.94
625.20589,29.808,1.0782,32.1389856,322.94
625.39151,29.809,1.0782,32.1400638,322.94
625.59235,29.81,1.0782,32.141142,322.94
625.79399,29.811,1.0782,32.1422202,322.94
625.99493,29.812,1.0783,32.1462796,322.94
626.19494,29.812,1.0783,32.1462796,322.94
626.39726,29.812,1.0783,32.1462796,322.94
