Time,Ttest,TH,TM
0.00000,24.75000,23.44000,23.00000
0.00069,24.75000,23.44000,23.00000
0.00069,24.75000,23.44000,23.00000
0.00069,24.75000,23.44000,23.00000
0.00069,24.75000,23.44000,23.00000
0.00175,24.75000,23.44000,23.00000
0.00175,24.75000,23.44000,23.00000
0.00175,24.75000,23.44000,23.00000
0.00175,24.75000,23.44000,23.00000
0.00175,24.75000,23.44000,23.00000
0.00274,24.75000,23.44000,23.00000
0.00274,24.75000,23.44000,23.00000
0.00274,24.75000,23.44000,23.00000
0.00274,24.75000,23.44000,23.00000
0.00375,24.75000,23.44000,23.00000
0.00375,24.75000,23.44000,23.00000
0.00375,24.75000,23.44000,23.00000
0.00375,24.75000,23.44000,23.00000
0.00475,24.75000,23.44000,23.00000
0.00475,24.75000,23.44000,23.00000
0.00475,24.75000,23.44000,23.00000
0.00475,24.75000,23.44000,23.00000
0.00475,24.75000,23.44000,23.00000
0.00575,24.75000,23.44000,23.00000
0.00575,24.75000,23.44000,23.00000
0.00575,24.75000,23.44000,23.00000
0.00575,24.75000,23.44000,23.00000
0.00675,24.75000,23.44000,23.00000
0.00675,24.75000,23.44000,23.00000
0.00675,24.75000,23.44000,23.00000
0.00775,24.75000,23.44000,23.00000
0.00775,24.75000,23.44000,23.00000
0.00775,24.75000,23.44000,23.00000
0.00875,24.75000,23.44000,23.00000
0.00875,24.75000,23.44000,23.00000
0.00875,24.75000,23.44000,23.00000
1.13660,24.75000,23.44000,23.06000
1.16160,24.75000,23.44000,23.06000
1.18658,24.75000,23.44000,23.06000
1.21177,24.75000,23.44000,23.06000
1.23589,24.75000,23.44000,23.06000
1.26164,24.75000,23.44000,23.06000
1.28722,24.75000,23.44000,23.06000
1.31197,24.75000,23.44000,23.06000
1.33684,24.75000,23.44000,23.06000
1.36144,24.75000,23.44000,23.06000
1.38644,24.75000,23.44000,23.06000
1.41146,24.75000,23.44000,23.06000
1.43599,24.75000,23.44000,23.06000
1.46107,24.69000,23.62000,23.37000
1.48607,24.69000,23.62000,23.37000
1.51141,24.69000,23.62000,23.37000
1.53591,24.69000,23.62000,23.37000
1.56103,24.69000,23.62000,23.37000
1.58611,24.69000,23.62000,23.37000
1.61112,24.69000,23.62000,23.37000
1.63614,24.69000,23.62000,23.37000
1.66196,24.69000,23.62000,23.37000
1.68680,24.69000,23.62000,23.37000
1.71198,24.69000,23.62000,23.37000
1.73615,24.69000,23.62000,23.37000
1.76184,24.69000,23.62000,23.37000
1.78684,24.69000,23.62000,23.37000
1.81199,24.69000,23.62000,23.37000
1.83653,24.69000,23.62000,23.37000
1.86164,24.69000,23.62000,23.37000
1.88654,24.69000,23.62000,23.37000
1.91210,24.69000,23.62000,23.37000
1.93628,24.69000,23.62000,23.37000
1.96177,24.69000,23.62000,23.37000
1.98741,24.69000,23.62000,23.37000
2.01205,24.69000,23.62000,23.37000
2.03698,24.69000,23.62000,23.37000
2.06181,24.69000,23.62000,23.37000
2.08745,24.69000,23.62000,23.37000
2.11207,24.69000,23.62000,23.37000
2.13747,24.69000,23.62000,23.37000
2.16181,24.69000,23.62000,23.37000
2.18705,24.69000,23.62000,23.37000
2.21159,24.69000,23.62000,23.37000
2.23748,24.69000,23.62000,23.37000
2.26139,24.69000,23.62000,23.37000
2.28639,24.69000,23.62000,23.37000
2.31210,24.69000,23.69000,23.37000
2.33753,24.69000,23.69000,23.37000
2.36164,24.69000,23.69000,23.44000
2.38664,24.69000,23.69000,23.44000
2.41192,24.69000,23.69000,23.44000
2.43728,24.69000,23.69000,23.44000
2.46129,24.69000,23.69000,23.44000
2.48627,24.69000,23.69000,23.44000
2.51228,24.69000,23.69000,23.44000
2.53684,24.69000,23.69000,23.44000
2.56214,24.69000,23.69000,23.44000
2.58639,24.69000,23.81000,23.44000
2.61142,24.69000,23.81000,23.44000
2.63719,24.69000,23.81000,23.44000
2.66230,24.69000,23.81000,23.44000
2.68765,24.69000,23.81000,23.44000
2.71223,24.69000,23.81000,23.44000
2.73681,24.69000,23.81000,23.44000
2.76224,24.69000,23.81000,23.44000
2.78684,24.69000,23.81000,23.44000
2.81241,24.69000,23.81000,23.44000
2.83692,24.69000,23.81000,23.44000
2.86193,24.69000,23.94000,23.44000
2.88655,24.69000,23.94000,23.44000
2.91211,24.69000,23.94000,23.44000
2.93728,24.69000,23.94000,23.44000
2.96190,24.69000,23.94000,23.44000
2.98692,24.69000,23.94000,23.44000
3.01193,24.69000,23.94000,23.44000
3.03741,24.69000,23.94000,23.44000
3.06229,24.69000,23.94000,23.44000
3.08692,24.69000,23.94000,23.44000
3.11211,24.69000,23.94000,23.44000
3.13739,24.69000,24.12000,23.44000
3.16217,24.69000,24.12000,23.44000
3.18732,24.69000,24.12000,23.44000
3.21220,24.69000,24.12000,23.44000
3.23788,24.69000,24.12000,23.50000
3.26262,24.69000,24.12000,23.50000
3.28790,24.69000,24.12000,23.50000
3.31223,24.69000,24.12000,23.50000
3.33742,24.69000,24.12000,23.50000
3.36172,24.69000,24.12000,23.50000
3.38796,24.69000,24.12000,23.50000
3.41217,24.69000,24.12000,23.50000
3.43796,24.69000,24.44000,23.50000
3.46237,24.69000,24.44000,23.50000
3.48798,24.69000,24.44000,23.50000
3.51215,24.69000,24.44000,23.50000
3.53800,24.69000,24.44000,23.62000
3.56195,24.69000,24.44000,23.62000
3.58727,24.69000,24.44000,23.62000
3.61254,24.69000,24.44000,23.62000
3.63776,24.69000,24.44000,23.62000
3.66286,24.69000,24.44000,23.62000
3.68785,24.69000,24.44000,23.62000
3.71286,24.69000,24.69000,23.62000
3.73740,24.69000,24.69000,23.62000
3.76210,24.69000,24.69000,23.62000
3.78723,24.69000,24.69000,23.62000
3.81276,24.69000,24.69000,23.62000
3.83730,24.69000,24.69000,23.75000
3.86232,24.69000,24.69000,23.75000
3.88820,24.69000,24.69000,23.75000
3.91286,24.69000,24.69000,23.75000
3.93767,24.69000,24.69000,23.75000
3.96192,24.69000,24.69000,23.75000
3.98821,24.69000,24.94000,23.75000
4.01281,24.69000,24.94000,23.75000
4.03820,24.69000,24.94000,23.75000
4.06218,24.69000,24.94000,23.75000
4.08820,24.69000,24.94000,23.75000
4.11234,24.75000,24.94000,23.87000
4.13730,24.75000,24.94000,23.87000
4.16310,24.75000,24.94000,23.87000
4.18823,24.75000,24.94000,23.87000
4.21242,24.75000,24.94000,23.87000
4.23825,24.75000,24.94000,23.87000
4.26293,24.75000,24.94000,23.87000
4.28828,24.75000,25.19000,23.87000
4.31314,24.75000,25.19000,23.87000
4.33784,24.75000,25.19000,23.87000
4.36297,24.75000,25.19000,23.87000
4.38833,24.75000,25.19000,23.87000
4.41322,24.75000,25.19000,24.00000
4.43799,24.75000,25.19000,24.00000
4.46288,24.75000,25.19000,24.00000
4.48836,24.75000,25.19000,24.00000
4.51323,24.75000,25.19000,24.00000
4.53725,24.75000,25.19000,24.00000
4.56286,24.75000,25.50000,24.00000
4.58840,24.75000,25.50000,24.00000
4.61307,24.75000,25.50000,24.00000
4.63822,24.75000,25.50000,24.00000
4.66306,24.75000,25.50000,24.00000
4.68802,24.75000,25.50000,24.00000
4.71295,24.75000,25.50000,24.12000
4.73846,24.75000,25.50000,24.12000
4.76244,24.75000,25.50000,24.12000
4.78848,24.75000,25.50000,24.12000
4.81289,24.75000,25.50000,24.12000
4.83848,24.75000,25.81000,24.12000
4.86280,24.75000,25.81000,24.12000
4.88780,24.75000,25.81000,24.12000
4.91266,24.75000,25.81000,24.12000
4.93810,24.75000,25.81000,24.12000
4.96281,24.75000,25.81000,24.12000
4.98781,24.75000,25.81000,24.12000
5.01283,24.75000,25.81000,24.31000
5.03767,24.75000,25.81000,24.31000
5.06321,24.75000,25.81000,24.31000
5.08850,24.75000,25.81000,24.31000
5.11330,24.75000,25.81000,24.31000
5.13819,24.75000,26.25000,24.31000
5.16355,24.75000,26.25000,24.31000
5.18824,24.75000,26.25000,24.31000
5.21285,24.75000,26.25000,24.31000
5.23865,24.75000,26.25000,24.31000
5.26312,24.75000,26.25000,24.31000
5.28869,24.75000,26.25000,24.50000
5.31298,24.75000,26.25000,24.50000
5.33825,24.75000,26.25000,24.50000
5.36291,24.75000,26.25000,24.50000
5.38870,24.75000,26.25000,24.50000
5.41324,24.75000,26.62000,24.50000
5.43874,24.75000,26.62000,24.50000
5.46332,24.75000,26.62000,24.50000
5.48817,24.75000,26.62000,24.50000
5.51356,24.75000,26.62000,24.50000
5.53838,24.75000,26.62000,24.50000
5.56308,24.75000,26.62000,24.50000
5.58878,24.75000,26.62000,24.69000
5.61333,24.75000,26.62000,24.69000
5.63837,24.75000,26.62000,24.69000
5.66278,24.75000,26.62000,24.69000
5.68815,24.75000,27.00000,24.69000
5.71315,24.75000,27.00000,24.69000
5.73782,24.75000,27.00000,24.69000
5.76340,24.75000,27.00000,24.69000
5.78885,24.75000,27.00000,24.69000
5.81341,24.75000,27.00000,24.69000
5.83842,24.75000,27.00000,24.69000
5.86341,24.75000,27.00000,24.69000
5.88809,24.75000,27.00000,24.87000
5.91314,24.75000,27.00000,24.87000
5.93848,24.75000,27.00000,24.87000
5.96297,24.75000,27.00000,24.87000
5.98895,24.75000,27.37000,24.87000
6.01317,24.75000,27.37000,24.87000
6.03849,24.75000,27.37000,24.87000
6.06349,24.75000,27.37000,24.87000
6.08848,24.75000,27.37000,24.87000
6.11298,24.75000,27.37000,24.87000
6.13849,24.75000,27.37000,24.87000
6.16269,24.75000,27.37000,24.87000
6.18898,24.75000,27.37000,25.12000
6.21365,24.75000,27.37000,25.12000
6.23834,24.75000,27.37000,25.12000
6.26393,24.75000,27.75000,25.12000
6.28906,24.75000,27.75000,25.12000
6.31351,24.75000,27.75000,25.12000
6.33857,24.75000,27.75000,25.12000
6.36338,24.75000,27.75000,25.12000
6.38839,24.75000,27.75000,25.12000
6.41339,24.75000,27.75000,25.12000
6.43783,24.75000,27.75000,25.12000
6.46338,24.75000,27.75000,25.37000
6.48837,24.75000,27.75000,25.37000
6.51338,24.75000,27.75000,25.37000
6.53782,24.75000,28.06000,25.37000
6.56329,24.75000,28.06000,25.37000
6.58797,24.75000,28.06000,25.37000
6.61331,24.75000,28.06000,25.37000
6.63809,24.75000,28.06000,25.37000
6.66386,24.75000,28.06000,25.37000
6.68830,24.75000,28.06000,25.37000
6.71314,24.75000,28.06000,25.37000
6.73880,24.75000,28.06000,25.37000
6.76359,24.75000,28.06000,25.62000
6.78905,24.75000,28.06000,25.62000
6.81353,24.75000,28.06000,25.62000
6.83923,24.75000,28.50000,25.62000
6.86358,24.75000,28.50000,25.62000
6.88890,24.75000,28.50000,25.62000
6.91356,24.75000,28.50000,25.62000
6.93926,24.75000,28.50000,25.62000
6.96422,24.75000,28.50000,25.62000
6.98969,24.75000,28.50000,25.62000
7.01385,24.75000,28.50000,25.62000
7.03898,24.75000,28.50000,25.62000
7.06344,24.75000,28.50000,25.94000
7.08912,24.75000,28.50000,25.94000
7.11431,24.75000,28.94000,25.94000
7.13923,24.75000,28.94000,25.94000
7.16394,24.75000,28.94000,25.94000
7.18849,24.75000,28.94000,25.94000
7.21389,24.75000,28.94000,25.94000
7.23839,24.75000,28.94000,25.94000
7.26339,24.75000,28.94000,25.94000
7.28841,24.75000,28.94000,25.94000
7.31350,24.75000,28.94000,25.94000
7.33904,24.75000,28.94000,25.94000
7.36337,24.75000,28.94000,26.25000
7.38910,24.75000,29.31000,26.25000
7.41403,24.75000,29.31000,26.25000
7.43937,24.75000,29.31000,26.25000
7.46337,24.75000,29.31000,26.25000
7.48925,24.75000,29.31000,26.25000
7.51409,24.75000,29.31000,26.25000
7.53840,24.75000,29.31000,26.25000
7.56376,24.75000,29.31000,26.25000
7.58943,24.75000,29.31000,26.25000
7.61418,24.75000,29.31000,26.25000
7.63839,24.75000,29.31000,26.25000
7.66424,24.75000,29.31000,26.50000
7.68924,24.75000,29.69000,26.50000
7.71371,24.75000,29.69000,26.50000
7.73909,24.75000,29.69000,26.50000
7.76423,24.75000,29.69000,26.50000
7.78922,24.75000,29.69000,26.50000
7.81438,24.75000,29.69000,26.50000
7.83922,24.75000,29.69000,26.50000
7.86423,24.75000,29.69000,26.50000
7.88930,24.75000,29.69000,26.50000
7.91446,24.75000,29.69000,26.50000
7.93859,24.75000,29.69000,26.75000
7.96424,24.75000,30.06000,26.75000
7.98935,24.75000,30.06000,26.75000
8.01449,24.75000,30.06000,26.75000
8.03930,24.75000,30.06000,26.75000
8.06407,24.75000,30.06000,26.75000
8.08966,24.75000,30.06000,26.75000
8.11452,24.75000,30.06000,26.75000
8.13939,24.75000,30.06000,26.75000
8.16449,24.75000,30.06000,26.75000
8.18924,24.75000,30.06000,26.75000
8.21443,24.75000,30.06000,26.75000
8.23942,24.75000,30.44000,27.06000
8.26413,24.75000,30.44000,27.06000
8.28930,24.75000,30.44000,27.06000
8.31460,24.75000,30.44000,27.06000
8.33916,24.75000,30.44000,27.06000
8.36416,24.75000,30.44000,27.06000
8.38971,24.75000,30.44000,27.06000
8.41410,24.75000,30.44000,27.06000
8.43854,24.75000,30.44000,27.06000
8.46426,24.75000,30.44000,27.06000
8.48919,24.75000,30.44000,27.06000
8.51404,24.75000,30.44000,27.06000
8.53926,24.75000,30.94000,27.44000
8.56448,24.75000,30.94000,27.44000
8.58944,24.75000,30.94000,27.44000
8.61474,24.75000,30.94000,27.44000
8.63910,24.75000,30.94000,27.44000
8.66384,24.75000,30.94000,27.44000
8.68929,24.75000,30.94000,27.44000
8.71460,24.75000,30.94000,27.44000
8.73944,24.75000,30.94000,27.44000
8.76453,24.75000,30.94000,27.44000
8.78894,24.75000,30.94000,27.44000
8.81458,24.75000,31.37000,27.44000
8.83916,24.75000,31.37000,27.69000
8.86457,24.75000,31.37000,27.69000
8.88940,24.75000,31.37000,27.69000
8.91518,24.75000,31.37000,27.69000
8.93940,24.75000,31.37000,27.69000
8.96455,24.75000,31.37000,27.69000
8.98944,24.75000,31.37000,27.69000
9.01459,24.75000,31.37000,27.69000
9.03907,24.75000,31.37000,27.69000
9.06406,24.75000,31.37000,27.69000
9.08942,24.75000,31.81000,27.69000
9.11475,24.75000,31.81000,28.06000
9.13997,24.75000,31.81000,28.06000
9.16473,24.75000,31.81000,28.06000
9.18969,24.75000,31.81000,28.06000
9.21477,24.75000,31.81000,28.06000
9.23967,24.75000,31.81000,28.06000
9.26432,24.75000,31.81000,28.06000
9.28967,24.75000,31.81000,28.06000
9.31452,24.75000,31.81000,28.06000
9.33934,24.75000,31.81000,28.06000
9.36459,24.75000,31.81000,28.06000
9.38960,24.75000,32.31000,28.06000
9.41437,24.75000,32.31000,28.37000
9.43967,24.75000,32.31000,28.37000
9.46466,24.75000,32.31000,28.37000
9.48969,24.75000,32.31000,28.37000
9.51437,24.75000,32.31000,28.37000
9.53992,24.75000,32.31000,28.37000
9.56477,24.75000,32.31000,28.37000
9.58918,24.75000,32.31000,28.37000
9.61418,24.75000,32.31000,28.37000
9.63971,24.75000,32.31000,28.37000
9.66471,24.75000,32.69000,28.37000
9.68971,24.75000,32.69000,28.37000
9.71402,24.75000,32.69000,28.75000
9.73956,24.75000,32.69000,28.75000
9.76450,24.75000,32.69000,28.75000
9.78921,24.75000,32.69000,28.75000
9.81421,24.75000,32.69000,28.75000
9.83968,24.75000,32.69000,28.75000
9.86445,24.75000,32.69000,28.75000
9.88945,24.75000,32.69000,28.75000
9.91499,24.75000,32.69000,28.75000
9.93950,24.75000,33.13000,28.75000
9.96457,24.75000,33.13000,28.75000
9.98938,24.75000,33.13000,28.75000
10.01544,24.75000,33.13000,29.06000
10.03942,24.75000,33.13000,29.06000
10.06527,24.75000,33.13000,29.06000
10.08940,24.75000,33.13000,29.06000
10.11517,24.75000,33.13000,29.06000
10.13944,24.75000,33.13000,29.06000
10.16468,24.75000,33.13000,29.06000
10.18976,24.75000,33.13000,29.06000
10.21514,24.75000,33.13000,29.06000
10.23967,24.75000,33.63000,29.06000
10.26526,24.75000,33.63000,29.06000
10.29045,24.75000,33.63000,29.06000
10.31522,24.75000,33.63000,29.37000
10.34008,24.75000,33.63000,29.37000
10.36538,24.75000,33.63000,29.37000
10.39054,24.75000,33.63000,29.37000
10.41524,24.75000,33.63000,29.37000
10.43897,24.75000,33.63000,29.37000
10.46523,24.75000,33.63000,29.37000
10.48969,24.75000,33.63000,29.37000
10.51559,24.75000,34.06000,29.37000
10.54062,24.75000,34.06000,29.37000
10.56513,24.75000,34.06000,29.37000
10.59021,24.75000,34.06000,29.62000
10.61528,24.75000,34.06000,29.62000
10.63994,24.75000,34.06000,29.62000
10.66539,24.75000,34.06000,29.62000
10.69028,24.75000,34.06000,29.62000
10.71556,24.75000,34.06000,29.62000
10.73957,24.75000,34.06000,29.62000
10.76509,24.75000,34.06000,29.62000
10.79052,24.75000,34.56000,29.62000
10.81469,24.75000,34.56000,29.62000
10.83970,24.75000,34.56000,29.62000
10.86486,24.75000,34.56000,29.62000
10.89018,24.75000,34.56000,29.94000
10.91543,24.75000,34.56000,29.94000
10.94047,24.75000,34.56000,29.94000
10.96546,24.75000,34.56000,29.94000
10.99036,24.75000,34.56000,29.94000
11.01544,24.75000,34.56000,29.94000
11.04047,24.75000,34.56000,29.94000
11.06569,24.75000,34.56000,29.94000
11.09047,24.75000,34.94000,29.94000
11.11565,24.75000,34.94000,29.94000
11.14062,24.75000,34.94000,29.94000
11.16561,24.75000,34.94000,29.94000
11.19050,24.75000,34.94000,30.25000
11.21551,24.75000,34.94000,30.25000
11.24048,24.75000,34.94000,30.25000
11.26562,24.75000,34.94000,30.25000
11.29043,24.75000,34.94000,30.25000
11.31556,24.75000,34.94000,30.25000
11.34092,24.75000,34.94000,30.25000
11.36558,24.75000,35.38000,30.25000
11.39050,24.75000,35.38000,30.25000
11.41555,24.75000,35.38000,30.25000
11.44054,24.75000,35.38000,30.25000
11.46514,24.75000,35.38000,30.25000
11.49052,24.75000,35.38000,30.62000
11.51568,24.75000,35.38000,30.62000
11.54006,24.75000,35.38000,30.62000
11.56514,24.75000,35.38000,30.62000
11.59050,24.75000,35.38000,30.62000
11.61567,24.75000,35.38000,30.62000
11.64061,24.75000,35.81000,30.62000
11.66576,24.75000,35.81000,30.62000
11.69075,24.75000,35.81000,30.62000
11.71590,24.75000,35.81000,30.62000
11.74140,24.75000,35.81000,30.62000
11.76595,24.75000,35.81000,30.62000
11.79086,24.75000,35.81000,30.94000
11.81621,24.75000,35.81000,30.94000
11.84061,24.75000,35.81000,30.94000
11.86587,24.75000,35.81000,30.94000
11.89044,24.75000,35.81000,30.94000
11.91580,24.75000,35.81000,30.94000
11.94057,24.75000,36.25000,30.94000
11.96580,24.75000,36.25000,30.94000
11.99019,24.75000,36.25000,30.94000
12.01510,24.75000,36.25000,30.94000
12.04012,24.75000,36.25000,30.94000
12.06627,24.75000,36.25000,31.19000
12.09060,24.75000,36.25000,31.19000
12.11505,24.75000,36.25000,31.19000
12.14094,24.75000,36.25000,31.19000
12.16593,24.75000,36.25000,31.19000
12.19055,24.75000,36.25000,31.19000
12.21587,24.75000,36.69000,31.19000
12.24087,24.75000,36.69000,31.19000
12.26622,24.75000,36.69000,31.19000
12.29137,24.75000,36.69000,31.19000
12.31548,24.75000,36.69000,31.19000
12.34062,24.75000,36.69000,31.19000
12.36599,24.75000,36.69000,31.44000
12.39077,24.75000,36.69000,31.44000
12.41611,24.75000,36.69000,31.44000
12.44038,24.75000,36.69000,31.44000
12.46529,24.75000,36.69000,31.44000
12.49029,24.75000,37.13000,31.44000
12.51529,24.75000,37.13000,31.44000
12.54029,24.75000,37.13000,31.44000
12.56580,24.75000,37.13000,31.44000
12.59080,24.75000,37.13000,31.44000
12.61596,24.75000,37.13000,31.44000
12.64119,24.75000,37.13000,31.44000
12.66634,24.75000,37.13000,31.69000
12.69122,24.75000,37.13000,31.69000
12.71646,24.75000,37.13000,31.69000
12.74108,24.75000,37.13000,31.69000
12.76633,24.75000,37.13000,31.69000
12.79115,24.75000,37.56000,31.69000
12.81647,24.75000,37.56000,31.69000
12.84156,24.75000,37.56000,31.69000
12.86554,24.75000,37.56000,31.69000
12.89053,24.75000,37.56000,31.69000
12.91574,24.75000,37.56000,31.69000
12.94024,24.75000,37.56000,31.69000
12.96575,24.75000,37.56000,32.06000
12.99075,24.75000,37.56000,32.06000
13.01558,24.75000,37.56000,32.06000
13.04076,24.75000,37.56000,32.06000
13.06626,24.75000,38.06000,32.06000
13.09127,24.75000,38.06000,32.06000
13.11591,24.75000,38.06000,32.06000
13.14041,24.75000,38.06000,32.06000
13.16596,24.75000,38.06000,32.06000
13.19114,24.75000,38.06000,32.06000
13.21635,24.75000,38.06000,32.06000
13.24172,24.75000,38.06000,32.44000
13.26659,24.75000,38.06000,32.44000
13.29135,24.75000,38.06000,32.44000
13.31585,24.75000,38.06000,32.44000
13.34074,24.75000,38.44000,32.44000
13.36593,24.75000,38.44000,32.44000
13.39122,24.75000,38.44000,32.44000
13.41639,24.75000,38.44000,32.44000
13.44138,24.75000,38.44000,32.44000
13.46580,24.75000,38.44000,32.44000
13.49114,24.75000,38.44000,32.44000
13.51582,24.75000,38.44000,32.44000
13.54116,24.75000,38.44000,32.81000
13.56566,24.75000,38.44000,32.81000
13.59066,24.75000,38.44000,32.81000
13.61567,24.75000,38.44000,32.81000
13.64147,24.75000,38.94000,32.81000
13.66632,24.75000,38.94000,32.81000
13.69152,24.75000,38.94000,32.81000
13.71602,24.75000,38.94000,32.81000
13.74102,24.75000,38.94000,32.81000
13.76652,24.75000,38.94000,32.81000
13.79152,24.75000,38.94000,32.81000
13.81624,24.75000,38.94000,32.81000
13.84120,24.75000,38.94000,33.06000
13.86567,24.75000,38.94000,33.06000
13.89126,24.75000,38.94000,33.06000
13.91608,24.75000,39.38000,33.06000
13.94123,24.75000,39.38000,33.06000
13.96669,24.75000,39.38000,33.06000
13.99201,24.75000,39.38000,33.06000
14.01660,24.75000,39.38000,33.06000
14.04162,24.75000,39.38000,33.06000
14.06642,24.75000,39.38000,33.06000
14.09201,24.75000,39.38000,33.06000
14.11637,24.75000,39.38000,33.06000
14.14136,24.75000,39.38000,33.38000
14.16641,24.75000,39.38000,33.38000
14.19141,24.75000,39.81000,33.38000
14.21641,24.75000,39.81000,33.38000
14.24141,24.75000,39.81000,33.38000
14.26671,24.75000,39.81000,33.38000
14.29132,24.75000,39.81000,33.38000
14.31719,24.75000,39.81000,33.38000
14.34161,24.75000,39.81000,33.38000
14.36674,24.75000,39.81000,33.38000
14.39175,24.75000,39.81000,33.38000
14.41694,24.75000,39.81000,33.69000
14.44175,24.75000,39.81000,33.69000
14.46655,24.75000,39.81000,33.69000
14.49113,24.75000,40.25000,33.69000
14.51721,24.75000,40.25000,33.69000
14.54094,24.75000,40.25000,33.69000
14.56628,24.75000,40.25000,33.69000
14.59187,24.75000,40.25000,33.69000
14.61693,24.75000,40.25000,33.69000
14.64182,24.75000,40.25000,33.69000
14.66641,24.75000,40.25000,33.69000
14.69152,24.75000,40.25000,33.69000
14.71690,24.75000,40.25000,34.00000
14.74188,24.75000,40.25000,34.00000
14.76698,24.75000,40.69000,34.00000
14.79136,24.75000,40.69000,34.00000
14.81699,24.75000,40.69000,34.00000
14.84190,24.75000,40.69000,34.00000
14.86725,24.75000,40.69000,34.00000
14.89228,24.75000,40.69000,34.00000
14.91726,24.75000,40.69000,34.00000
14.94120,24.75000,40.69000,34.00000
14.96651,24.75000,40.69000,34.00000
14.99124,24.75000,40.69000,34.00000
15.01624,24.75000,40.69000,34.31000
15.04124,24.75000,41.06000,34.31000
15.06636,24.75000,41.06000,34.31000
15.09136,24.75000,41.06000,34.31000
15.11691,24.75000,41.06000,34.31000
15.14203,24.75000,41.06000,34.31000
15.16726,24.75000,41.06000,34.31000
15.19204,24.75000,41.06000,34.31000
15.21711,24.75000,41.06000,34.31000
15.24204,24.75000,41.06000,34.31000
15.26727,24.75000,41.06000,34.31000
15.29200,24.75000,41.06000,34.31000
15.31711,24.75000,41.06000,34.69000
15.34167,24.75000,41.56000,34.69000
15.36688,24.75000,41.56000,34.69000
15.39169,24.75000,41.56000,34.69000
15.41701,24.75000,41.56000,34.69000
15.44202,24.75000,41.56000,34.69000
15.46654,24.75000,41.56000,34.69000
15.49154,24.75000,41.56000,34.69000
15.51654,24.75000,41.56000,34.69000
15.54208,24.75000,41.56000,34.69000
15.56720,24.75000,41.56000,34.69000
15.59248,24.75000,41.56000,34.69000
15.61729,24.75000,42.00000,34.94000
15.64241,24.75000,42.00000,34.94000
15.66726,24.75000,42.00000,34.94000
15.69216,24.75000,42.00000,34.94000
15.71727,24.75000,42.00000,34.94000
15.74220,24.75000,42.00000,34.94000
15.76730,24.75000,42.00000,34.94000
15.79214,24.75000,42.00000,34.94000
15.81738,24.75000,42.00000,34.94000
15.84177,24.75000,42.00000,34.94000
15.86688,24.75000,42.00000,34.94000
15.89184,24.75000,42.44000,35.25000
15.91668,24.75000,42.44000,35.25000
15.94168,24.75000,42.44000,35.25000
15.96725,24.75000,42.44000,35.25000
15.99212,24.75000,42.44000,35.25000
16.01712,24.75000,42.44000,35.25000
16.04226,24.75000,42.44000,35.25000
16.06827,24.75000,42.44000,35.25000
16.09220,24.75000,42.44000,35.25000
16.11784,24.75000,42.44000,35.25000
16.14209,24.75000,42.44000,35.25000
16.16782,24.75000,42.88000,35.25000
16.19232,24.75000,42.88000,35.63000
16.21741,24.75000,42.88000,35.63000
16.24204,24.75000,42.88000,35.63000
16.26789,24.75000,42.88000,35.63000
16.29195,24.75000,42.88000,35.63000
16.31697,24.75000,42.88000,35.63000
16.34174,24.75000,42.88000,35.63000
16.36789,24.75000,42.88000,35.63000
16.39179,24.75000,42.88000,35.63000
16.41794,24.75000,42.88000,35.63000
16.44206,24.75000,42.88000,35.63000
16.46698,24.75000,43.25000,35.63000
16.49193,24.75000,43.25000,35.94000
16.51701,24.75000,43.25000,35.94000
16.54240,24.75000,43.25000,35.94000
16.56758,24.75000,43.25000,35.94000
16.59260,24.75000,43.25000,35.94000
16.61691,24.75000,43.25000,35.94000
16.64191,24.75000,43.25000,35.94000
16.66741,24.75000,43.25000,35.94000
16.69241,24.75000,43.25000,35.94000
16.71696,24.75000,43.25000,35.94000
16.74229,24.75000,43.69000,35.94000
16.76730,24.75000,43.69000,35.94000
16.79215,24.75000,43.69000,36.25000
16.81819,24.75000,43.69000,36.25000
16.84236,24.75000,43.69000,36.25000
16.86705,24.75000,43.69000,36.25000
16.89299,24.75000,43.69000,36.25000
16.91725,24.75000,43.69000,36.25000
16.94225,24.75000,43.69000,36.25000
16.96703,24.75000,43.69000,36.25000
16.99237,24.75000,43.69000,36.25000
17.01691,24.75000,43.69000,36.25000
17.04186,24.75000,44.19000,36.25000
17.06760,24.75000,44.19000,36.50000
17.09258,24.75000,44.19000,36.50000
17.11773,24.75000,44.19000,36.50000
17.14290,24.75000,44.19000,36.50000
17.16780,24.75000,44.19000,36.50000
17.19218,24.75000,44.19000,36.50000
17.21758,24.75000,44.19000,36.50000
17.24313,24.75000,44.19000,36.50000
17.26738,24.75000,44.19000,36.50000
17.29322,24.75000,44.19000,36.50000
17.31791,24.75000,44.69000,36.50000
17.34256,24.75000,44.69000,36.50000
17.36831,24.75000,44.69000,36.81000
17.39294,24.75000,44.69000,36.81000
17.41790,24.75000,44.69000,36.81000
17.44270,24.75000,44.69000,36.81000
17.46836,24.75000,44.69000,36.81000
17.49253,24.75000,44.69000,36.81000
17.51837,24.75000,44.69000,36.81000
17.54309,24.75000,44.69000,36.81000
17.56832,24.75000,44.69000,36.81000
17.59239,24.75000,45.19000,36.81000
17.61808,24.75000,45.19000,36.81000
17.64308,24.75000,45.19000,36.81000
17.66734,24.75000,45.19000,37.19000
17.69234,24.75000,45.19000,37.19000
17.71726,24.75000,45.19000,37.19000
17.74228,24.75000,45.19000,37.19000
17.76820,24.75000,45.19000,37.19000
17.79314,24.75000,45.19000,37.19000
17.81826,24.75000,45.19000,37.19000
17.84318,24.75000,45.19000,37.19000
17.86851,24.75000,45.19000,37.19000
17.89296,24.75000,45.56000,37.19000
17.91854,24.75000,45.56000,37.19000
17.94316,24.75000,45.56000,37.19000
17.96813,24.75000,45.56000,37.56000
17.99322,24.75000,45.56000,37.56000
18.01817,24.75000,45.56000,37.56000
18.04336,24.75000,45.56000,37.56000
18.06820,24.75000,45.56000,37.56000
18.09316,24.75000,45.56000,37.56000
18.11861,24.75000,45.56000,37.56000
18.14309,24.75000,45.56000,37.56000
18.16864,24.75000,46.00000,37.56000
18.19317,24.75000,46.00000,37.56000
18.21864,24.75000,46.00000,37.56000
18.24343,24.75000,46.00000,37.56000
18.26866,24.75000,46.00000,37.81000
18.29328,24.75000,46.00000,37.81000
18.31818,24.75000,46.00000,37.81000
18.34320,24.75000,46.00000,37.81000
18.36825,24.75000,46.00000,37.81000
18.39356,24.75000,46.00000,37.81000
18.41874,24.75000,46.00000,37.81000
18.44324,24.75000,46.38000,37.81000
18.46780,24.75000,46.38000,37.81000
18.49320,24.75000,46.38000,37.81000
18.51843,24.75000,46.38000,37.81000
18.54323,24.75000,46.38000,38.13000
18.56840,24.75000,46.38000,38.13000
18.59321,24.75000,46.38000,38.13000
18.61882,24.75000,46.38000,38.13000
18.64330,24.75000,46.38000,38.13000
18.66860,24.75000,46.38000,38.13000
18.69316,24.75000,46.38000,38.13000
18.71884,24.75000,46.38000,38.13000
18.74303,24.75000,46.88000,38.13000
18.76857,24.75000,46.88000,38.13000
18.79357,24.75000,46.88000,38.13000
18.81827,24.75000,46.88000,38.13000
18.84327,24.75000,46.88000,38.50000
18.86792,24.75000,46.88000,38.50000
18.89305,24.75000,46.88000,38.50000
18.91888,24.75000,46.88000,38.50000
18.94324,24.75000,46.88000,38.50000
18.96842,24.75000,46.88000,38.50000
18.99338,24.75000,46.88000,38.50000
19.01891,24.75000,47.31000,38.50000
19.04312,24.75000,47.31000,38.50000
19.06898,24.75000,47.31000,38.50000
19.09283,24.75000,47.31000,38.50000
19.11783,24.75000,47.31000,38.50000
19.14283,24.75000,47.31000,38.88000
19.16842,24.75000,47.31000,38.88000
19.19363,24.75000,47.31000,38.88000
19.21789,24.75000,47.31000,38.88000
19.24288,24.75000,47.31000,38.88000
19.26830,24.75000,47.31000,38.88000
19.29317,24.75000,47.69000,38.88000
19.31872,24.75000,47.69000,38.88000
19.34320,24.75000,47.69000,38.88000
19.36869,24.75000,47.69000,38.88000
19.39321,24.75000,47.69000,38.88000
19.41821,24.75000,47.69000,38.88000
19.44349,24.75000,47.69000,39.25000
19.46862,24.75000,47.69000,39.25000
19.49325,24.75000,47.69000,39.25000
19.51916,24.75000,47.69000,39.25000
19.54315,24.75000,47.69000,39.25000
19.56866,24.75000,47.69000,39.25000
19.59366,24.75000,48.06000,39.25000
19.61877,24.75000,48.06000,39.25000
19.64374,24.75000,48.06000,39.25000
19.66921,24.75000,48.06000,39.25000
19.69408,24.75000,48.06000,39.25000
19.71924,24.75000,48.06000,39.56000
19.74400,24.75000,48.06000,39.56000
19.76914,24.75000,48.06000,39.56000
19.79417,24.75000,48.06000,39.56000
19.81863,24.75000,48.06000,39.56000
19.84362,24.75000,48.06000,39.56000
19.86872,24.75000,48.44000,39.56000
19.89419,24.75000,48.44000,39.56000
19.91904,24.75000,48.44000,39.56000
19.94412,24.75000,48.44000,39.56000
19.96866,24.75000,48.44000,39.56000
19.99366,24.75000,48.44000,39.56000
20.01866,24.75000,48.44000,39.94000
20.04372,24.75000,48.44000,39.94000
20.06887,24.75000,48.44000,39.94000
20.09405,24.75000,48.44000,39.94000
20.11903,24.75000,48.44000,39.94000
20.14392,24.75000,48.81000,39.94000
20.16917,24.75000,48.81000,39.94000
20.19436,24.75000,48.81000,39.94000
20.21916,24.75000,48.81000,39.94000
20.24454,24.75000,48.81000,39.94000
20.26934,24.75000,48.81000,39.94000
20.29360,24.75000,48.81000,39.94000
20.31835,24.75000,48.81000,40.25000
20.34369,24.75000,48.81000,40.25000
20.36911,24.75000,48.81000,40.25000
20.39390,24.75000,48.81000,40.25000
20.41943,24.75000,48.81000,40.25000
20.44435,24.75000,49.31000,40.25000
20.46938,24.75000,49.31000,40.25000
20.49421,24.75000,49.31000,40.25000
20.51921,24.75000,49.31000,40.25000
20.54358,24.75000,49.31000,40.25000
20.56850,24.75000,49.31000,40.25000
20.59440,24.75000,49.31000,40.25000
20.61841,24.75000,49.31000,40.56000
20.64401,24.75000,49.31000,40.56000
20.66900,24.75000,49.31000,40.56000
20.69370,24.75000,49.31000,40.56000
20.71928,24.75000,49.81000,40.56000
20.74365,24.75000,49.81000,40.56000
20.76952,24.75000,49.81000,40.56000
20.79464,24.75000,49.81000,40.56000
20.81957,24.75000,49.81000,40.56000
20.84356,24.75000,49.81000,40.56000
20.86921,24.75000,49.81000,40.56000
20.89444,24.75000,49.81000,40.56000
20.91870,24.75000,49.81000,40.88000
20.94375,24.75000,49.81000,40.88000
20.96927,24.75000,49.81000,40.88000
20.99381,24.75000,50.19000,40.88000
21.01881,24.75000,50.19000,40.88000
21.04388,24.75000,50.19000,40.88000
21.06932,24.75000,50.19000,40.88000
21.09432,24.75000,50.19000,40.88000
21.11941,24.75000,50.19000,40.88000
21.14377,24.75000,50.19000,40.88000
21.16928,24.75000,50.19000,40.88000
21.19428,24.75000,50.19000,41.13000
21.21936,24.75000,50.19000,41.13000
21.24461,24.75000,50.19000,41.13000
21.26942,24.75000,50.19000,41.13000
21.29455,24.75000,50.56000,41.13000
21.31901,24.75000,50.56000,41.13000
21.34465,24.75000,50.56000,41.13000
21.36969,24.75000,50.56000,41.13000
21.39441,24.75000,50.56000,41.13000
21.41952,24.75000,50.56000,41.13000
21.44422,24.75000,50.56000,41.13000
21.46951,24.75000,50.56000,41.13000
21.49448,24.75000,50.56000,41.38000
21.51944,24.75000,50.56000,41.38000
21.54411,24.75000,50.56000,41.38000
21.56959,24.75000,50.94000,41.38000
21.59464,24.75000,50.94000,41.38000
21.61914,24.75000,50.94000,41.38000
21.64453,24.75000,50.94000,41.38000
21.66943,24.75000,50.94000,41.38000
21.69394,24.75000,50.94000,41.38000
21.71908,24.75000,50.94000,41.38000
21.74457,24.75000,50.94000,41.38000
21.76947,24.75000,50.94000,41.38000
21.79476,24.75000,50.94000,41.63000
21.81961,24.75000,50.94000,41.63000
21.84436,24.75000,51.31000,41.63000
21.86951,24.75000,51.31000,41.63000
21.89480,24.75000,51.31000,41.63000
21.91989,24.75000,51.31000,41.63000
21.94446,24.75000,51.31000,41.63000
21.96970,24.75000,51.31000,41.63000
21.99507,24.75000,51.31000,41.63000
22.01968,24.75000,51.31000,41.63000
22.04447,24.75000,51.31000,41.63000
22.06967,24.75000,51.31000,41.63000
22.09459,24.75000,51.31000,41.88000
22.12002,24.75000,51.31000,41.88000
22.14482,24.75000,51.81000,41.88000
22.16995,24.75000,51.81000,41.88000
22.19486,24.75000,51.81000,41.88000
22.21943,24.75000,51.81000,41.88000
22.24489,24.75000,51.81000,41.88000
22.26991,24.75000,51.81000,41.88000
22.29443,24.75000,51.81000,41.88000
22.32043,24.75000,51.81000,41.88000
22.34425,24.75000,51.81000,41.88000
22.36989,24.75000,51.81000,42.06000
22.39424,24.75000,51.81000,42.06000
22.41942,24.75000,52.25000,42.06000
22.44449,24.75000,52.25000,42.06000
22.46995,24.75000,52.25000,42.06000
22.49454,24.75000,52.25000,42.06000
22.51951,24.75000,52.25000,42.06000
22.54472,24.75000,52.25000,42.06000
22.56992,24.75000,52.25000,42.06000
22.59461,24.75000,52.25000,42.06000
22.61984,24.75000,52.25000,42.06000
22.64438,24.75000,52.25000,42.06000
22.67023,24.75000,52.25000,42.25000
22.69450,24.75000,52.69000,42.25000
22.71989,24.75000,52.69000,42.25000
22.74505,24.75000,52.69000,42.25000
22.77009,24.75000,52.69000,42.25000
22.79511,24.75000,52.69000,42.25000
22.82011,24.75000,52.69000,42.25000
22.84465,24.75000,52.69000,42.25000
22.86865,24.75000,52.69000,42.25000
22.89510,24.75000,52.69000,42.25000
22.92012,24.75000,52.69000,42.25000
22.94426,24.75000,52.69000,42.25000
22.97011,24.75000,52.69000,42.50000
22.99412,24.75000,53.06000,42.50000
23.02006,24.75000,53.06000,42.50000
23.04471,24.75000,53.06000,42.50000
23.06871,24.75000,53.06000,42.50000
23.09468,24.75000,53.06000,42.50000
23.11968,24.75000,53.06000,42.50000
23.14517,24.75000,53.06000,42.50000
23.17008,24.75000,53.06000,42.50000
23.19497,24.75000,53.06000,42.50000
23.22006,24.75000,53.06000,42.50000
23.24455,24.75000,53.06000,42.50000
23.27046,24.75000,53.44000,42.81000
23.29536,24.75000,53.44000,42.81000
23.31980,24.75000,53.44000,42.81000
23.34450,24.75000,53.44000,42.81000
23.37016,24.75000,53.44000,42.81000
23.39471,24.75000,53.44000,42.81000
23.42032,24.75000,53.44000,42.81000
23.44548,24.75000,53.44000,42.81000
23.47048,24.75000,53.44000,42.81000
23.49500,24.75000,53.44000,42.81000
23.52028,24.75000,53.44000,42.81000
23.54436,24.75000,53.81000,42.81000
23.56968,24.75000,53.81000,43.06000
23.59494,24.75000,53.81000,43.06000
23.61994,24.75000,53.81000,43.06000
23.64540,24.75000,53.81000,43.06000
23.67055,24.75000,53.81000,43.06000
23.69507,24.75000,53.81000,43.06000
23.72025,24.75000,53.81000,43.06000
23.74521,24.75000,53.81000,43.06000
23.77032,24.75000,53.81000,43.06000
23.79529,24.75000,53.81000,43.06000
23.82043,24.75000,53.81000,43.06000
23.84533,24.75000,54.25000,43.38000
23.87026,24.75000,54.25000,43.38000
23.89558,24.75000,54.25000,43.38000
23.92027,24.75000,54.25000,43.38000
23.94443,24.75000,54.25000,43.38000
23.96965,24.75000,54.25000,43.38000
23.99552,24.75000,54.25000,43.38000
24.02052,24.75000,54.25000,43.38000
24.04530,24.75000,54.25000,43.38000
24.07047,24.75000,54.25000,43.38000
24.09553,24.75000,54.25000,43.38000
24.12050,24.75000,54.69000,43.38000
24.14515,24.75000,54.69000,43.69000
24.17044,24.75000,54.69000,43.69000
24.19560,24.75000,54.69000,43.69000
24.22046,24.75000,54.69000,43.69000
24.24574,24.75000,54.69000,43.69000
24.27062,24.75000,54.69000,43.69000
24.29509,24.75000,54.69000,43.69000
24.32017,24.75000,54.69000,43.69000
24.34540,24.75000,54.69000,43.69000
24.37057,24.75000,54.69000,43.69000
24.39508,24.75000,55.13000,43.69000
24.42011,24.75000,55.13000,43.69000
24.44509,24.75000,55.13000,44.00000
24.47011,24.75000,55.13000,44.00000
24.49569,24.75000,55.13000,44.00000
24.52047,24.75000,55.13000,44.00000
24.54557,24.75000,55.13000,44.00000
24.57066,24.75000,55.13000,44.00000
24.59497,24.75000,55.13000,44.00000
24.62013,24.75000,55.13000,44.00000
24.64579,24.75000,55.13000,44.00000
24.67034,24.75000,55.13000,44.00000
24.69575,24.75000,55.50000,44.00000
24.72086,24.75000,55.50000,44.00000
24.74586,24.75000,55.50000,44.31000
24.77055,24.75000,55.50000,44.31000
24.79626,24.75000,55.50000,44.31000
24.82082,24.75000,55.50000,44.31000
24.84561,24.75000,55.50000,44.31000
24.87076,24.75000,55.50000,44.31000
24.89530,24.75000,55.50000,44.31000
24.92077,24.75000,55.50000,44.31000
24.94509,24.75000,55.50000,44.31000
24.97077,24.75000,55.88000,44.31000
24.99577,24.75000,55.88000,44.31000
25.02134,24.75000,55.88000,44.63000
25.04519,24.75000,55.88000,44.63000
25.07084,24.75000,55.88000,44.63000
25.09583,24.75000,55.88000,44.63000
25.12040,24.75000,55.88000,44.63000
25.14534,24.75000,55.88000,44.63000
25.17096,24.75000,55.88000,44.63000
25.19564,24.75000,55.88000,44.63000
25.22095,24.75000,55.88000,44.63000
25.24810,24.75000,56.31000,44.63000
25.27224,24.75000,56.31000,44.63000
25.29809,24.75000,56.31000,44.63000
25.32258,24.75000,56.31000,44.88000
25.34823,24.75000,56.31000,44.88000
25.37319,24.75000,56.31000,44.88000
25.39724,24.75000,56.31000,44.88000
25.42314,24.75000,56.31000,44.88000
25.44854,24.75000,56.31000,44.88000
25.47327,24.75000,56.31000,44.88000
25.49772,24.75000,56.31000,44.88000
25.52309,24.75000,56.31000,44.88000
25.54818,24.75000,56.69000,44.88000
25.57320,24.75000,56.69000,44.88000
25.59809,24.75000,56.69000,44.88000
25.62319,24.75000,56.69000,45.13000
25.64844,24.75000,56.69000,45.13000
25.67327,24.75000,56.69000,45.13000
25.69797,24.75000,56.69000,45.13000
25.72249,24.75000,56.69000,45.13000
25.74749,24.75000,56.69000,45.13000
25.77249,24.75000,56.69000,45.13000
25.79797,24.75000,56.69000,45.13000
25.82291,24.75000,57.19000,45.13000
25.84791,24.75000,57.19000,45.13000
25.87292,24.75000,57.19000,45.13000
25.89827,24.75000,57.19000,45.13000
25.92322,24.75000,57.19000,45.31000
25.94814,24.75000,57.19000,45.31000
25.97314,24.75000,57.19000,45.31000
25.99846,24.75000,57.19000,45.31000
26.02281,24.75000,57.19000,45.31000
26.04807,24.75000,57.19000,45.31000
26.07256,24.75000,57.19000,45.31000
26.09824,24.75000,57.63000,45.31000
26.12275,24.75000,57.63000,45.31000
26.14824,24.75000,57.63000,45.31000
26.17275,24.75000,57.63000,45.31000
26.19826,24.75000,57.63000,45.56000
26.22285,24.75000,57.63000,45.56000
26.24776,24.75000,57.63000,45.56000
26.27263,24.75000,57.63000,45.56000
26.29852,24.75000,57.63000,45.56000
26.32338,24.75000,57.63000,45.56000
26.34786,24.75000,57.63000,45.56000
26.37348,24.75000,57.63000,45.56000
26.39799,24.75000,58.00000,45.56000
26.42299,24.75000,58.00000,45.56000
26.44776,24.75000,58.00000,45.56000
26.47325,24.75000,58.00000,45.56000
26.49840,24.75000,58.00000,45.81000
26.52258,24.75000,58.00000,45.81000
26.54840,24.75000,58.00000,45.81000
26.57291,24.75000,58.00000,45.81000
26.59842,24.75000,58.00000,45.81000
26.62341,24.75000,58.00000,45.81000
26.64845,24.75000,58.00000,45.81000
26.67352,24.75000,58.38000,45.81000
26.69759,24.75000,58.38000,45.81000
26.72254,24.75000,58.38000,45.81000
26.74849,24.75000,58.38000,45.81000
26.77349,24.75000,58.38000,45.81000
26.79850,24.75000,58.38000,46.13000
26.82313,24.75000,58.38000,46.13000
26.84873,24.75000,58.38000,46.13000
26.87348,24.75000,58.38000,46.13000
26.89790,24.75000,58.38000,46.13000
26.92292,24.75000,58.38000,46.13000
26.94857,24.75000,58.75000,46.13000
26.97359,24.75000,58.75000,46.13000
26.99853,24.75000,58.75000,46.13000
27.02362,24.75000,58.75000,46.13000
27.04862,24.75000,58.75000,46.13000
27.07369,24.75000,58.75000,46.13000
27.09835,24.75000,58.75000,46.38000
27.12354,24.75000,58.75000,46.38000
27.14867,24.75000,58.75000,46.38000
27.17339,24.75000,58.75000,46.38000
27.19790,24.75000,58.75000,46.38000
27.22333,24.75000,58.75000,46.38000
27.24874,24.75000,59.13000,46.38000
27.27321,24.75000,59.13000,46.38000
27.29923,24.75000,59.13000,46.38000
27.32372,24.75000,59.13000,46.38000
27.34925,24.75000,59.13000,46.38000
27.37317,24.75000,59.13000,46.38000
27.39926,24.75000,59.13000,46.63000
27.42318,24.75000,59.13000,46.63000
27.44929,24.75000,59.13000,46.63000
27.47369,24.75000,59.13000,46.63000
27.49888,24.75000,59.13000,46.63000
27.52311,24.75000,59.56000,46.63000
27.54854,24.75000,59.56000,46.63000
27.57356,24.75000,59.56000,46.63000
27.59810,24.75000,59.56000,46.63000
27.62390,24.75000,59.56000,46.63000
27.64932,24.75000,59.56000,46.63000
27.67365,24.75000,59.56000,46.88000
27.69861,24.75000,59.56000,46.88000
27.72416,24.75000,59.56000,46.88000
27.74826,24.75000,59.56000,46.88000
27.77390,24.75000,59.56000,46.88000
27.79864,24.75000,59.94000,46.88000
27.82393,24.75000,59.94000,46.88000
27.84832,24.75000,59.94000,46.88000
27.87401,24.75000,59.94000,46.88000
27.89891,24.75000,59.94000,46.88000
27.92405,24.75000,59.94000,46.88000
27.94854,24.75000,59.94000,46.88000
27.97374,24.75000,59.94000,46.88000
27.99910,24.75000,59.94000,47.13000
28.02407,24.75000,59.94000,47.13000
28.04844,24.75000,59.94000,47.13000
28.07385,24.75000,60.31000,47.13000
28.09828,24.75000,60.31000,47.13000
28.12402,24.75000,60.31000,47.13000
28.14877,24.75000,60.31000,47.13000
28.17393,24.75000,60.31000,47.13000
28.19859,24.75000,60.31000,47.13000
28.22412,24.75000,60.31000,47.13000
28.24869,24.75000,60.31000,47.13000
28.27367,24.75000,60.31000,47.13000
28.29917,24.75000,60.31000,47.44000
28.32374,24.75000,60.31000,47.44000
28.34871,24.75000,60.31000,47.44000
28.37421,24.75000,60.69000,47.44000
28.39892,24.75000,60.69000,47.44000
28.42387,24.75000,60.69000,47.44000
28.44887,24.75000,60.69000,47.44000
28.47407,24.75000,60.69000,47.44000
28.49933,24.75000,60.69000,47.44000
28.52436,24.75000,60.69000,47.44000
28.54930,24.75000,60.69000,47.44000
28.57381,24.75000,60.69000,47.44000
28.59933,24.75000,60.69000,47.75000
28.62438,24.75000,60.69000,47.75000
28.64859,24.75000,61.06000,47.75000
28.67433,24.75000,61.06000,47.75000
28.69934,24.75000,61.06000,47.75000
28.72427,24.75000,61.06000,47.75000
28.74902,24.75000,61.06000,47.75000
28.77438,24.75000,61.06000,47.75000
28.79937,24.75000,61.06000,47.75000
28.82436,24.75000,61.06000,47.75000
28.84913,24.75000,61.06000,47.75000
28.87439,24.75000,61.06000,48.13000
28.89946,24.75000,61.06000,48.13000
28.92450,24.75000,61.44000,48.13000
28.94875,24.75000,61.44000,48.13000
28.97442,24.75000,61.44000,48.13000
28.99944,24.75000,61.44000,48.13000
29.02439,24.75000,61.44000,48.13000
29.04947,24.75000,61.44000,48.13000
29.07458,24.75000,61.44000,48.13000
29.09881,24.75000,61.44000,48.13000
29.12474,24.75000,61.44000,48.13000
29.14950,24.75000,61.44000,48.13000
29.17460,24.75000,61.44000,48.38000
29.19953,24.75000,61.44000,48.38000
29.22431,24.75000,61.81000,48.38000
29.24885,24.75000,61.81000,48.38000
29.27446,24.75000,61.81000,48.38000
29.29899,24.75000,61.81000,48.38000
29.32399,24.75000,61.81000,48.38000
29.34899,24.75000,61.81000,48.38000
29.37461,24.75000,61.81000,48.38000
29.39949,24.75000,61.81000,48.38000
29.42464,24.75000,61.81000,48.38000
29.44936,24.75000,61.81000,48.38000
29.47464,24.75000,61.81000,48.69000
29.49924,24.75000,62.19000,48.69000
29.52467,24.75000,62.19000,48.69000
29.54951,24.75000,62.19000,48.69000
29.57434,24.75000,62.19000,48.69000
29.59966,24.75000,62.19000,48.69000
29.62438,24.75000,62.19000,48.69000
29.64890,24.75000,62.19000,48.69000
29.67510,24.75000,62.19000,48.69000
29.69950,24.75000,62.19000,48.69000
29.72482,24.75000,62.19000,48.69000
29.74971,24.75000,62.19000,48.69000
29.77483,24.75000,62.19000,48.94000
29.79970,24.75000,62.56000,48.94000
29.82397,24.75000,62.56000,48.94000
29.84953,24.75000,62.56000,48.94000
29.87459,24.75000,62.56000,48.94000
29.89970,24.75000,62.56000,48.94000
29.92525,24.75000,62.56000,48.94000
29.94953,24.75000,62.56000,48.94000
29.97443,24.75000,62.56000,48.94000
29.99944,24.75000,62.56000,48.94000
30.02484,24.75000,62.56000,48.94000
30.04962,24.75000,62.56000,49.19000
30.07484,24.75000,62.94000,49.19000
30.09950,24.75000,62.94000,49.19000
30.12489,24.75000,62.94000,49.19000
30.14948,24.75000,62.94000,49.19000
30.17486,24.75000,62.94000,49.19000
30.19948,24.75000,62.94000,49.19000
30.22475,24.75000,62.94000,49.19000
30.24942,24.75000,62.94000,49.19000
30.27493,24.75000,62.94000,49.19000
30.29950,24.75000,62.94000,49.19000
30.32470,24.75000,62.94000,49.19000
30.34943,24.75000,63.25000,49.50000
30.37505,24.75000,63.25000,49.50000
30.39939,24.75000,63.25000,49.50000
30.42452,24.75000,63.25000,49.50000
30.44953,24.75000,63.25000,49.50000
30.47449,24.75000,63.25000,49.50000
30.50000,24.75000,63.25000,49.50000
30.52500,24.75000,63.25000,49.50000
30.55000,24.75000,63.25000,49.50000
30.57428,24.75000,63.25000,49.50000
30.59939,24.75000,63.25000,49.50000
30.62507,24.75000,63.25000,49.50000
30.64943,24.75000,63.63000,49.75000
30.67544,24.75000,63.63000,49.75000
30.70013,24.75000,63.63000,49.75000
30.72442,24.75000,63.63000,49.75000
30.75008,24.75000,63.63000,49.75000
30.77517,24.75000,63.63000,49.75000
30.79995,24.75000,63.63000,49.75000
30.82528,24.75000,63.63000,49.75000
30.84987,24.75000,63.63000,49.75000
30.87489,24.75000,63.63000,49.75000
30.89969,24.75000,63.63000,49.75000
30.92508,24.75000,64.00000,49.75000
30.94950,24.75000,64.00000,50.00000
30.97529,24.75000,64.00000,50.00000
31.00017,24.75000,64.00000,50.00000
31.02568,24.75000,64.00000,50.00000
31.04945,24.75000,64.00000,50.00000
31.07449,24.75000,64.00000,50.00000
31.09944,24.75000,64.00000,50.00000
31.12498,24.75000,64.00000,50.00000
31.15051,24.75000,64.00000,50.00000
31.17535,24.75000,64.00000,50.00000
31.19958,24.75000,64.37000,50.00000
31.22464,24.75000,64.37000,50.25000
31.24989,24.75000,64.37000,50.25000
31.27529,24.75000,64.37000,50.25000
31.29966,24.75000,64.37000,50.25000
31.32578,24.75000,64.37000,50.25000
31.35024,24.75000,64.37000,50.25000
31.37535,24.75000,64.37000,50.25000
31.40048,24.75000,64.37000,50.25000
31.42536,24.75000,64.37000,50.25000
31.45031,24.75000,64.37000,50.25000
31.47542,24.75000,64.37000,50.25000
31.50044,24.75000,64.75000,50.25000
31.52479,24.75000,64.75000,50.56000
31.55020,24.75000,64.75000,50.56000
31.57513,24.75000,64.75000,50.56000
31.59966,24.75000,64.75000,50.56000
31.62547,24.75000,64.75000,50.56000
31.64945,24.75000,64.75000,50.56000
31.67433,24.75000,64.75000,50.56000
31.69880,24.75000,64.75000,50.56000
31.72428,24.75000,64.75000,50.56000
31.74941,24.75000,64.75000,50.56000
31.77483,24.75000,65.12000,50.56000
31.79891,24.75000,65.12000,50.56000
31.82449,24.75000,65.12000,50.94000
31.84951,24.75000,65.12000,50.94000
31.87472,24.75000,65.12000,50.94000
31.89951,24.75000,65.12000,50.94000
31.92455,24.75000,65.12000,50.94000
31.94974,24.75000,65.12000,50.94000
31.97454,24.75000,65.12000,50.94000
31.99903,24.75000,65.12000,50.94000
32.02440,24.75000,65.12000,50.94000
32.04941,24.75000,65.44000,50.94000
32.07459,24.75000,65.44000,50.94000
32.09951,24.75000,65.44000,50.94000
32.12405,24.75000,65.44000,51.31000
32.14910,24.75000,65.44000,51.31000
32.17404,24.75000,65.44000,51.31000
32.19949,24.75000,65.44000,51.31000
32.22464,24.75000,65.44000,51.31000
32.24939,24.75000,65.44000,51.31000
32.27474,24.75000,65.44000,51.31000
32.29950,24.75000,65.44000,51.31000
32.32413,24.75000,65.44000,51.31000
32.34944,24.75000,65.75000,51.31000
32.37486,24.75000,65.75000,51.31000
32.39912,24.75000,65.75000,51.69000
32.42474,24.75000,65.75000,51.69000
32.44965,24.75000,65.75000,51.69000
32.47496,24.75000,65.75000,51.69000
32.49964,24.75000,65.75000,51.69000
32.52502,24.75000,65.75000,51.69000
32.54933,24.75000,65.75000,51.69000
32.57496,24.75000,65.75000,51.69000
32.59973,24.75000,65.75000,51.69000
32.62473,24.75000,66.12000,51.69000
32.64930,24.75000,66.12000,51.69000
32.67447,24.75000,66.12000,51.69000
32.69945,24.75000,66.12000,52.00000
32.72464,24.75000,66.12000,52.00000
32.74964,24.75000,66.12000,52.00000
32.77425,24.75000,66.12000,52.00000
32.79971,24.75000,66.12000,52.00000
32.82485,24.75000,66.12000,52.00000
32.84937,24.75000,66.12000,52.00000
32.87498,24.75000,66.12000,52.00000
32.89963,24.75000,66.50000,52.00000
32.92517,24.75000,66.50000,52.00000
32.94944,24.75000,66.50000,52.00000
32.97493,24.75000,66.50000,52.00000
32.99949,24.75000,66.50000,52.38000
33.02458,24.75000,66.50000,52.38000
33.04940,24.75000,66.50000,52.38000
33.07451,24.75000,66.50000,52.38000
33.09974,24.75000,66.50000,52.38000
33.12492,24.75000,66.50000,52.38000
33.14974,24.75000,66.50000,52.38000
33.17476,24.75000,66.50000,52.38000
33.19975,24.75000,66.94000,52.38000
33.22425,24.75000,66.94000,52.38000
33.24925,24.75000,66.94000,52.38000
33.27531,24.75000,66.94000,52.38000
33.30009,24.75000,66.94000,52.69000
33.32453,24.75000,66.94000,52.69000
33.34949,24.75000,66.94000,52.69000
33.37511,24.75000,66.94000,52.69000
33.39947,24.75000,66.94000,52.69000
33.42546,24.75000,66.94000,52.69000
33.45011,24.75000,66.94000,52.69000
33.47511,24.75000,67.25000,52.69000
33.49949,24.75000,67.25000,52.69000
