Time,voltage,current,TH,Ttest,TM_1,TM_2,TM_3,FlipEvent
0.00101,28.47800,2.20900,26.75000,24.69000,26.19000,24.31000,23.12000,0
0.31061,28.47100,2.19800,26.75000,24.69000,26.19000,24.31000,23.12000,0
0.51159,28.46600,2.18770,26.87000,24.69000,26.19000,24.31000,23.12000,0
0.71440,28.46100,2.16850,27.00000,24.69000,26.19000,24.31000,23.12000,0
1.10239,28.46000,2.15960,27.00000,24.69000,26.25000,24.31000,23.12000,0
1.30364,28.46000,2.15100,27.25000,24.69000,26.25000,24.31000,23.12000,0
1.50751,28.46200,2.14280,27.50000,24.69000,26.31000,24.31000,23.12000,0
1.70866,28.46400,2.13490,27.50000,24.69000,26.31000,24.31000,23.12000,0
1.91187,28.47000,2.11980,28.50000,24.69000,26.69000,24.31000,23.12000,0
2.29786,28.47400,2.11260,28.50000,24.69000,26.69000,24.31000,23.12000,0
2.49883,28.47800,2.10560,29.00000,24.69000,26.87000,24.31000,23.12000,0
2.69941,28.48300,2.09880,29.50000,24.69000,27.06000,24.31000,23.12000,0
2.90127,28.48800,2.09220,29.50000,24.69000,27.06000,24.31000,23.12000,0
3.10274,28.49300,2.08570,30.12000,24.69000,27.31000,24.31000,23.12000,0
3.30302,28.49900,2.07940,30.81000,24.69000,27.62000,24.31000,23.12000,0
3.50550,28.51000,2.06720,31.50000,24.69000,27.94000,24.31000,23.12000,0
3.89296,28.51500,2.06130,32.13000,24.69000,28.25000,24.31000,23.12000,0
4.09736,28.52100,2.05560,32.13000,24.69000,28.25000,24.31000,23.12000,0
4.29961,28.53300,2.04430,33.56000,24.69000,28.62000,24.31000,23.12000,0
4.70356,28.54500,2.03360,34.25000,24.69000,29.31000,24.31000,23.12000,0
5.09279,28.55100,2.02830,34.94000,24.69000,29.31000,24.31000,23.12000,0
5.29572,28.56300,2.01810,35.81000,24.69000,30.25000,24.31000,23.12000,0
5.69822,28.57500,2.00810,36.63000,24.69000,30.62000,24.31000,23.19000,0
6.08791,28.58100,2.00330,37.44000,24.69000,31.19000,24.31000,23.19000,0
6.28944,28.58700,1.99850,37.44000,24.69000,31.19000,24.31000,23.19000,0
6.49043,28.59900,1.98920,39.06000,24.69000,31.69000,24.31000,23.19000,0
6.89389,28.61100,1.98010,39.88000,24.69000,32.81000,24.31000,23.19000,0
7.28053,28.61700,1.97570,40.69000,24.69000,32.81000,24.31000,23.19000,0
7.48052,28.62300,1.97130,40.69000,24.69000,33.38000,24.31000,23.19000,0
7.68123,28.62800,1.96700,41.44000,24.69000,33.88000,24.31000,23.19000,0
7.88270,28.63400,1.96270,42.31000,24.69000,33.88000,24.31000,23.19000,0
8.08387,28.64500,1.95430,43.19000,24.62000,35.06000,24.31000,23.19000,0
8.48393,28.65600,1.94610,43.94000,24.62000,35.63000,24.31000,23.19000,0
8.88713,28.66700,1.93810,45.63000,24.62000,36.25000,24.31000,23.19000,0
9.27608,28.67300,1.93410,45.63000,24.62000,36.88000,24.31000,23.19000,0
9.47676,28.67800,1.93030,46.44000,24.62000,36.88000,24.25000,23.19000,0
9.67792,28.68900,1.92260,47.19000,24.62000,38.19000,24.25000,23.19000,0
10.07970,28.69900,1.91510,48.81000,24.62000,38.81000,24.25000,23.19000,0
10.48515,28.70900,1.90770,49.63000,24.62000,39.44000,24.25000,23.19000,0
10.87286,28.71900,1.90050,50.44000,24.62000,40.13000,24.25000,23.19000,0
11.27746,28.72900,1.89340,51.19000,24.62000,41.31000,24.25000,23.19000,0
11.66830,28.73400,1.88990,52.13000,24.62000,41.31000,24.25000,23.19000,0
11.86900,28.74300,1.88300,53.00000,24.62000,42.69000,24.25000,23.19000,0
12.26927,28.75200,1.87630,54.75000,24.62000,43.31000,24.25000,23.19000,0
12.67064,28.76200,1.86960,55.69000,24.62000,44.00000,24.25000,23.19000,0
13.07234,28.77100,1.86310,56.56000,24.62000,44.63000,24.25000,23.19000,0
13.46278,28.78000,1.85670,58.31000,24.62000,46.06000,24.25000,23.19000,0
13.86390,28.78800,1.85040,59.19000,24.62000,46.75000,24.25000,23.19000,0
14.26936,28.79700,1.84410,60.06000,24.62000,47.38000,24.25000,23.19000,0
14.65742,28.80500,1.83800,60.88000,24.62000,48.13000,24.25000,23.19000,0
15.05974,28.81400,1.83200,62.69000,24.62000,49.44000,24.25000,23.19000,0
15.46292,28.82200,1.82610,63.56000,24.62000,50.19000,24.25000,23.19000,0
15.85378,28.83000,1.82020,64.37000,24.62000,50.94000,24.25000,23.19000,0
16.25750,28.83800,1.81450,66.19000,24.62000,52.31000,24.25000,23.19000,0
16.66367,28.84600,1.80880,66.94000,24.62000,52.94000,24.25000,23.19000,0
17.05273,28.85300,1.80320,67.69000,24.62000,53.63000,24.25000,23.19000,0
17.45460,28.86100,1.79770,69.44000,24.62000,54.19000,24.25000,23.19000,0
17.84639,28.86800,1.79230,70.25000,24.62000,55.44000,24.25000,23.19000,0
18.25178,28.87600,1.78690,71.00000,24.62000,56.00000,24.25000,23.19000,0
18.65354,28.88300,1.78170,71.87000,24.62000,56.69000,24.25000,23.19000,0
19.05657,28.89000,1.77650,73.56000,24.62000,57.88000,24.25000,23.19000,0
19.44378,28.89700,1.77130,74.37000,24.62000,58.56000,24.25000,23.19000,0
19.84751,28.90400,1.76630,75.31000,24.62000,59.19000,24.25000,23.19000,0
20.24952,28.91100,1.76130,76.94000,24.62000,59.75000,24.25000,23.19000,0
20.63932,28.91800,1.75630,77.69000,24.62000,61.00000,24.25000,23.19000,0
21.04069,28.92500,1.75150,78.56000,24.62000,61.63000,24.25000,23.19000,0
21.44472,28.93100,1.74670,80.12000,24.62000,62.31000,24.25000,23.19000,0
21.83399,28.93700,1.74190,80.87000,24.62000,62.94000,24.25000,23.19000,0
22.23856,28.94400,1.73720,81.75000,24.62000,64.19000,24.25000,23.19000,0
22.64316,28.95000,1.73260,83.31000,24.62000,64.81000,24.25000,23.19000,0
23.03138,28.95700,1.72810,84.06000,24.62000,65.44000,24.25000,23.19000,0
23.43719,28.96200,1.72350,84.87000,24.62000,66.69000,24.25000,23.19000,0
23.82833,28.96800,1.71910,86.37000,24.62000,67.25000,24.25000,23.19000,0
24.23299,28.97500,1.71470,87.06000,24.62000,67.94000,24.25000,23.19000,0
24.63763,28.98100,1.71040,87.94000,24.62000,68.50000,24.25000,23.19000,0
25.02287,28.98600,1.70610,88.75000,24.62000,69.56000,24.25000,23.19000,0
25.42930,28.99200,1.70190,90.31000,24.62000,70.12000,24.25000,23.19000,0
25.83362,28.99800,1.69770,91.06000,24.62000,70.62000,24.25000,23.19000,0
26.22136,29.00400,1.69360,91.75000,24.62000,71.25000,24.25000,23.19000,0
26.62279,29.00900,1.68950,93.31000,24.62000,72.37000,24.25000,23.19000,0
27.02750,29.01400,1.68550,94.06000,24.62000,73.00000,24.25000,23.19000,0
27.41649,29.02000,1.68150,94.81000,24.62000,73.50000,24.25000,23.19000,0
27.82166,29.02500,1.67770,96.19000,24.62000,74.62000,24.25000,23.19000,0
28.22386,29.03000,1.67380,96.87000,24.62000,75.12000,24.25000,23.19000,0
28.61236,29.03500,1.67010,97.56000,24.62000,75.56000,24.25000,23.19000,0
29.01638,29.04000,1.66630,98.94000,24.62000,75.87000,24.25000,23.19000,0
29.41948,29.04500,1.66270,99.62000,24.62000,76.56000,24.25000,23.19000,0
29.80848,29.05000,1.65920,100.25000,24.62000,76.81000,24.25000,23.19000,0
30.21434,29.05400,1.65570,100.81000,24.62000,77.06000,24.25000,23.19000,0
30.61515,29.05900,1.65230,102.00000,24.62000,77.25000,24.25000,23.19000,0
31.00365,29.06300,1.64890,102.50000,24.62000,77.44000,24.25000,23.19000,0
31.40745,29.06800,1.64560,103.00000,24.62000,77.56000,24.25000,23.19000,0
31.80936,29.07200,1.64240,104.12000,24.62000,77.62000,24.25000,23.19000,0
32.21378,29.07600,1.63920,104.62000,24.62000,77.69000,24.25000,23.19000,0
32.60078,29.08000,1.63600,105.12000,24.62000,78.06000,24.25000,23.19000,0
33.00524,29.08400,1.63300,106.25000,24.62000,78.31000,24.25000,23.19000,0
33.39734,29.08800,1.62990,106.75000,24.62000,78.50000,24.25000,23.19000,0
33.79988,29.09100,1.62700,107.12000,24.62000,79.06000,24.25000,23.19000,0
34.20467,29.09500,1.62400,107.62000,24.62000,79.44000,24.25000,23.19000,0
34.59477,29.09900,1.62110,108.50000,24.62000,79.94000,24.25000,23.19000,0
34.99419,29.10200,1.61830,108.94000,24.62000,80.56000,24.25000,23.19000,0
35.39755,29.10600,1.61550,109.44000,24.62000,81.87000,24.25000,23.19000,0
35.79971,29.10900,1.61270,110.19000,24.62000,82.56000,24.25000,23.19000,0
36.19873,29.11300,1.61000,110.62000,24.62000,83.31000,24.25000,23.19000,0
36.58462,29.11600,1.60730,111.12000,24.62000,84.00000,24.25000,23.19000,0
36.98652,29.11900,1.60470,111.94000,24.62000,85.12000,24.25000,23.19000,0
37.38930,29.12300,1.60210,112.31000,24.62000,85.75000,24.25000,23.19000,0
37.79410,29.12600,1.59950,112.69000,24.62000,86.31000,24.25000,23.19000,0
38.18335,29.12900,1.59700,113.50000,24.62000,86.81000,24.25000,23.19000,0
38.58762,29.13200,1.59450,113.87000,24.62000,87.81000,24.25000,23.19000,0
38.99102,29.13500,1.59210,114.31000,24.62000,88.37000,24.25000,23.19000,0
39.38260,29.13800,1.58970,114.69000,24.62000,89.00000,24.25000,23.19000,0
39.78554,29.14000,1.58740,115.50000,24.62000,89.62000,24.25000,23.19000,0
40.17522,29.14300,1.58520,115.87000,24.62000,90.69000,24.25000,23.19000,0
40.58079,29.14600,1.58300,116.25000,24.62000,91.19000,24.25000,23.19000,0
40.96965,29.14800,1.58080,117.00000,24.62000,91.62000,24.25000,23.19000,0
41.37353,29.15100,1.57880,117.37000,24.62000,92.56000,24.25000,23.19000,0
41.77379,29.15300,1.57670,117.81000,24.62000,93.00000,24.25000,23.19000,0
42.17846,29.15500,1.57480,118.50000,24.62000,93.50000,24.25000,23.19000,0
42.56464,29.15700,1.57290,118.87000,24.62000,93.94000,24.25000,23.19000,0
42.96856,29.15900,1.57100,119.25000,24.62000,94.87000,24.25000,23.19000,0
43.37234,29.16100,1.56910,120.06000,24.62000,95.25000,24.25000,23.19000,0
43.76072,29.16300,1.56720,120.44000,24.62000,95.44000,24.25000,23.19000,0
44.16428,29.16500,1.56550,120.81000,24.62000,95.75000,24.25000,23.19000,0
44.56905,29.16700,1.56370,121.12000,24.62000,96.25000,24.25000,23.19000,0
44.95815,29.16900,1.56200,121.87000,24.62000,96.50000,24.25000,23.19000,0
45.36402,29.17000,1.56030,122.12000,24.62000,96.75000,24.25000,23.19000,0
45.76797,29.17200,1.55860,122.37000,24.62000,97.19000,24.25000,23.19000,0
46.15652,29.17400,1.55700,123.00000,24.62000,98.12000,24.25000,23.19000,0
46.56008,29.17600,1.55540,123.37000,24.62000,98.37000,24.25000,23.19000,0
46.94942,29.17700,1.55380,123.62000,24.62000,98.56000,24.25000,23.19000,0
47.35376,29.17800,1.55220,124.31000,24.62000,98.56000,24.25000,23.19000,0
47.75643,29.18000,1.55080,124.62000,24.62000,98.69000,24.25000,23.19000,0
48.15522,29.18100,1.54920,124.94000,24.62000,98.87000,24.25000,23.19000,0
48.54625,29.18300,1.54780,125.50000,24.62000,99.00000,24.25000,23.19000,0
48.95071,29.18400,1.54640,125.81000,24.62000,99.25000,24.25000,23.19000,0
49.35657,29.18500,1.54490,126.06000,24.62000,99.37000,24.25000,23.19000,0
49.74492,29.18700,1.54360,126.37000,24.62000,99.37000,24.25000,23.19000,0
50.14984,29.18800,1.54220,126.94000,24.62000,99.37000,24.25000,23.19000,0
50.55058,29.18900,1.54090,127.19000,24.62000,99.56000,24.25000,23.19000,0
50.93891,29.19000,1.53960,127.50000,24.62000,99.56000,24.25000,23.19000,0
51.34157,29.19100,1.53830,128.00000,24.62000,99.62000,24.25000,23.19000,0
51.74414,29.19200,1.53710,128.25000,24.62000,99.62000,24.25000,23.19000,0
52.14632,29.19300,1.53590,128.50000,24.62000,99.62000,24.25000,23.19000,0
52.53262,29.19400,1.53470,128.94000,24.62000,99.62000,24.25000,23.19000,0
52.93834,29.19500,1.53350,129.13000,24.62000,99.62000,24.25000,23.19000,0
53.34173,29.19500,1.53230,129.38000,24.62000,99.69000,24.25000,23.19000,0
53.72798,29.19600,1.53120,129.88000,24.62000,99.75000,24.25000,23.19000,0
54.13292,29.19700,1.53000,130.06000,24.62000,99.75000,24.25000,23.19000,0
54.53739,29.19800,1.52890,130.38000,24.62000,99.75000,24.25000,23.19000,0
54.92485,29.19900,1.52790,130.63000,24.62000,99.75000,24.25000,23.19000,0
55.32939,29.19900,1.52670,131.06000,24.62000,99.69000,24.25000,23.19000,0
55.73336,29.20000,1.52570,131.38000,24.62000,99.69000,24.25000,23.19000,0
56.12082,29.20100,1.52470,131.63000,24.62000,99.69000,24.25000,23.19000,0
56.52284,29.20200,1.52370,132.00000,24.62000,99.69000,24.25000,23.25000,0
56.92480,29.20200,1.52270,132.19000,24.62000,99.69000,24.25000,23.25000,0
57.32839,29.20300,1.52180,132.44000,24.62000,99.69000,24.25000,23.25000,0
57.71645,29.20300,1.52090,132.88000,24.62000,99.69000,24.25000,23.25000,0
58.12177,29.20400,1.52000,133.13000,24.62000,99.69000,24.25000,23.25000,0
58.51274,29.20400,1.51910,133.38000,24.62000,99.69000,24.25000,23.25000,0
58.91628,29.20400,1.51820,133.75000,24.62000,99.69000,24.25000,23.25000,0
59.31908,29.20500,1.51750,133.94000,24.62000,99.69000,24.25000,23.25000,0
59.70732,29.20500,1.51670,134.06000,24.62000,99.81000,24.25000,23.25000,0
60.11259,29.20500,1.51590,134.19000,24.62000,99.87000,24.25000,23.25000,0
60.51849,29.20500,1.51510,134.50000,24.62000,99.94000,24.25000,23.25000,0
60.90699,29.20600,1.51430,134.63000,24.62000,99.94000,24.25000,23.25000,0
61.31246,29.20600,1.51350,134.75000,24.62000,99.94000,24.25000,23.25000,0
61.71642,29.20600,1.51270,135.06000,24.62000,99.94000,24.25000,23.25000,0
62.10743,29.20600,1.51200,135.19000,24.62000,99.94000,24.25000,23.25000,0
62.51178,29.20600,1.51130,135.31000,24.62000,99.94000,24.25000,23.25000,0
62.89788,29.20700,1.51060,135.56000,24.62000,99.94000,24.25000,23.25000,0
63.30279,29.20700,1.50990,135.75000,24.62000,99.87000,24.25000,23.25000,0
63.70587,29.20700,1.50920,135.94000,24.62000,99.87000,24.25000,23.25000,0
64.10766,29.20700,1.50860,136.31000,24.62000,99.87000,24.25000,23.25000,0
64.49579,29.20700,1.50790,136.38000,24.62000,99.81000,24.25000,23.25000,0
64.89947,29.20700,1.50730,136.50000,24.62000,99.81000,24.25000,23.25000,0
65.30282,29.20700,1.50670,136.63000,24.62000,99.81000,24.25000,23.25000,0
65.69171,29.20700,1.50610,136.88000,24.62000,99.81000,24.25000,23.25000,0
66.09262,29.20700,1.50540,136.94000,24.62000,99.81000,24.25000,23.25000,0
66.49668,29.20700,1.50480,137.06000,24.62000,99.81000,24.25000,23.25000,0
66.88636,29.20700,1.50420,137.25000,24.62000,99.81000,24.25000,23.25000,0
67.29083,29.20700,1.50360,137.38000,24.62000,99.87000,24.25000,23.25000,0
67.69525,29.20600,1.50300,137.56000,24.62000,99.87000,24.25000,23.25000,0
68.08250,29.20600,1.50250,137.75000,24.62000,99.87000,24.25000,23.25000,0
68.48607,29.20600,1.50190,137.88000,24.62000,99.87000,24.25000,23.25000,0
68.89015,29.20600,1.50130,137.94000,24.62000,99.87000,24.25000,23.25000,0
69.27941,29.20600,1.50080,138.06000,24.62000,99.81000,24.25000,23.25000,0
69.68254,29.20600,1.50030,138.19000,24.62000,99.69000,24.25000,23.25000,0
70.07400,29.20600,1.49970,138.31000,24.62000,99.69000,24.25000,23.25000,0
70.47800,29.20600,1.49920,138.44000,24.62000,99.69000,24.25000,23.25000,0
70.88422,29.20600,1.49870,138.69000,24.62000,99.69000,24.25000,23.25000,0
71.27178,29.20500,1.49820,138.81000,24.62000,99.69000,24.25000,23.25000,0
71.67549,29.20500,1.49780,138.94000,24.62000,99.69000,24.25000,23.25000,0
72.07746,29.20500,1.49730,139.13000,24.62000,99.69000,24.25000,23.25000,0
72.46679,29.20500,1.49680,139.25000,24.62000,99.62000,24.25000,23.25000,0
72.87008,29.20400,1.49630,139.31000,24.62000,99.69000,24.25000,23.25000,0
73.27737,29.20400,1.49590,139.38000,24.62000,99.75000,24.25000,23.25000,0
73.66603,29.20400,1.49550,139.50000,24.62000,99.75000,24.25000,23.25000,0
74.06893,29.20400,1.49500,139.56000,24.62000,99.81000,24.25000,23.25000,0
74.47268,29.20300,1.49450,139.69000,24.62000,99.81000,24.25000,23.25000,0
74.86067,29.20300,1.49410,139.81000,24.62000,99.87000,24.25000,23.25000,0
75.26448,29.20300,1.49370,139.88000,24.62000,99.94000,24.25000,23.25000,0
75.66931,29.20300,1.49320,140.00000,24.62000,99.94000,24.25000,23.25000,0
76.05746,29.20200,1.49280,140.13000,24.62000,99.94000,24.25000,23.25000,0
76.45889,29.20200,1.49240,140.13000,24.62000,99.94000,24.25000,23.25000,0
76.86339,29.20200,1.49190,140.25000,24.62000,99.94000,24.25000,23.25000,0
77.25257,29.20100,1.49160,140.44000,24.62000,99.94000,24.25000,23.25000,0
77.65382,29.20100,1.49110,140.50000,24.62000,99.94000,24.25000,23.25000,0
78.05740,29.20100,1.49080,140.63000,24.62000,99.94000,24.25000,23.25000,0
78.46068,29.20000,1.49030,140.69000,24.62000,99.94000,24.25000,23.25000,0
78.84843,29.20000,1.49000,140.75000,24.62000,99.87000,24.25000,23.25000,0
79.25212,29.20000,1.48960,140.81000,24.62000,99.81000,24.25000,23.25000,0
79.65530,29.19900,1.48920,140.94000,24.62000,99.81000,24.25000,23.25000,0
80.04486,29.19900,1.48890,141.00000,24.62000,99.81000,24.25000,23.25000,0
80.45172,29.19800,1.48850,141.06000,24.62000,99.81000,24.25000,23.25000,0
80.84039,29.19800,1.48810,141.13000,24.62000,99.81000,24.25000,23.25000,0
81.24358,29.19800,1.48780,141.25000,24.62000,99.81000,24.25000,23.25000,0
81.64759,29.19700,1.48740,141.25000,24.56000,99.81000,24.25000,23.25000,0
82.03629,29.19700,1.48700,141.31000,24.56000,99.81000,24.25000,23.25000,0
82.43961,29.19700,1.48670,141.38000,24.56000,99.87000,24.25000,23.25000,0
82.84222,29.19600,1.48640,141.38000,24.56000,99.87000,24.25000,23.25000,0
83.23016,29.19600,1.48600,141.44000,24.56000,99.94000,24.25000,23.25000,0
83.63406,29.19500,1.48570,141.56000,24.56000,99.94000,24.25000,23.25000,0
84.04240,29.19500,1.48540,141.69000,24.56000,99.94000,24.25000,23.25000,0
84.43236,29.19400,1.48510,141.69000,24.56000,99.94000,24.25000,23.25000,0
84.83507,29.19400,1.48480,141.81000,24.56000,99.94000,24.25000,23.25000,0
85.22338,29.19300,1.48450,141.88000,24.56000,99.94000,24.25000,23.25000,0
85.62784,29.19300,1.48420,141.94000,24.56000,99.94000,24.25000,23.31000,0
86.03302,29.19200,1.48390,142.00000,24.56000,99.94000,24.25000,23.31000,0
86.42245,29.19200,1.48370,142.06000,24.56000,99.87000,24.25000,23.31000,0
86.82776,29.19100,1.48330,142.06000,24.56000,99.81000,24.25000,23.31000,0
87.21701,29.19100,1.48300,142.13000,24.56000,99.81000,24.25000,23.31000,0
87.62257,29.19000,1.48270,142.25000,24.56000,99.81000,24.25000,23.31000,0
88.02750,29.19000,1.48240,142.25000,24.56000,99.81000,24.25000,23.31000,0
88.41481,29.18900,1.48210,142.25000,24.56000,99.81000,24.25000,23.31000,0
88.81857,29.18800,1.48190,142.38000,24.56000,99.81000,24.25000,23.31000,0
89.22393,29.18800,1.48160,142.44000,24.56000,99.81000,24.25000,23.31000,0
89.61175,29.18800,1.48130,142.50000,24.56000,99.81000,24.25000,23.31000,0
90.01687,29.18700,1.48100,142.63000,24.56000,99.81000,24.25000,23.31000,0
90.42097,29.18700,1.48080,142.63000,24.56000,99.87000,24.25000,23.31000,0
90.81063,29.18600,1.48050,142.63000,24.56000,99.87000,24.25000,23.31000,0
91.21403,29.18600,1.48030,142.75000,24.56000,99.87000,24.25000,23.31000,0
91.61792,29.18500,1.48000,142.81000,24.56000,99.87000,24.25000,23.31000,0
92.00744,29.18500,1.47980,142.88000,24.56000,99.87000,24.25000,23.31000,0
92.41072,29.18400,1.47950,142.94000,24.56000,99.87000,24.25000,23.31000,0
92.79932,29.18300,1.47930,143.06000,24.56000,99.62000,24.25000,23.31000,0
93.20414,29.18300,1.47910,143.13000,24.56000,99.56000,24.25000,23.31000,0
93.60932,29.18200,1.47890,143.13000,24.56000,99.56000,24.25000,23.31000,0
93.99778,29.18200,1.47870,143.19000,24.56000,99.56000,24.25000,23.31000,0
94.40337,29.18100,1.47840,143.25000,24.56000,99.62000,24.25000,23.31000,0
94.80650,29.18100,1.47820,143.25000,24.56000,99.69000,24.25000,23.31000,0
95.19529,29.18000,1.47800,143.31000,24.56000,99.69000,24.25000,23.31000,0
95.59841,29.17900,1.47780,143.31000,24.56000,99.69000,24.25000,23.31000,0
96.00332,29.17900,1.47760,143.31000,24.56000,99.69000,24.25000,23.31000,0
96.38968,29.17800,1.47750,143.31000,24.56000,99.75000,24.25000,23.31000,0
96.79382,29.17700,1.47730,143.31000,24.56000,99.75000,24.25000,23.31000,0
97.19870,29.17700,1.47710,143.31000,24.56000,99.75000,24.25000,23.31000,0
97.58997,29.17600,1.47700,143.31000,24.56000,99.81000,24.25000,23.31000,0
97.99193,29.17500,1.47680,143.31000,24.56000,99.81000,24.25000,23.31000,0
98.38173,29.17400,1.47670,143.31000,24.56000,99.81000,24.25000,23.31000,0
98.78530,29.17400,1.47650,143.38000,24.56000,99.81000,24.25000,23.31000,0
99.18998,29.17300,1.47630,143.44000,24.56000,99.81000,24.25000,23.31000,0
99.57801,29.17200,1.47620,143.50000,24.56000,99.81000,24.25000,23.31000,0
99.98187,29.17200,1.47610,143.56000,24.56000,99.81000,24.25000,23.31000,0
100.38768,29.17100,1.47590,143.69000,24.56000,99.81000,24.25000,23.31000,0
100.77641,29.17000,1.47580,143.69000,24.56000,99.75000,24.25000,23.31000,0
101.18102,29.17000,1.47560,143.75000,24.56000,99.75000,24.25000,23.31000,0
101.58438,29.16900,1.47550,143.75000,24.56000,99.62000,24.25000,23.31000,0
101.97398,29.16800,1.47530,143.75000,24.56000,99.69000,24.25000,23.31000,0
102.37843,29.16700,1.47510,143.75000,24.56000,99.69000,24.25000,23.31000,0
102.76644,29.16700,1.47500,143.75000,24.56000,99.69000,24.25000,23.31000,0
103.17189,29.16600,1.47480,143.75000,24.56000,99.69000,24.25000,23.31000,0
103.57643,29.16500,1.47470,143.75000,24.56000,99.69000,24.25000,23.31000,0
103.96508,29.16500,1.47460,143.75000,24.56000,99.69000,24.25000,23.31000,0
104.37117,29.16400,1.47450,143.88000,24.56000,99.69000,24.25000,23.31000,0
104.76079,29.16300,1.47430,143.94000,24.56000,99.75000,24.25000,23.31000,0
105.16780,29.16200,1.47420,144.00000,24.56000,99.75000,24.25000,23.31000,0
105.57108,29.16200,1.47410,144.06000,24.56000,99.81000,24.25000,23.31000,0
105.95996,29.16100,1.47400,144.06000,24.56000,99.87000,24.25000,23.31000,0
106.36375,29.16000,1.47380,144.13000,24.56000,99.87000,24.25000,23.31000,0
106.76660,29.15900,1.47370,144.19000,24.56000,99.87000,24.25000,23.31000,0
107.15506,29.15900,1.47360,144.31000,24.56000,99.87000,24.25000,23.31000,0
107.56254,29.15800,1.47350,144.31000,24.56000,99.87000,24.25000,23.37000,0
107.95092,29.15700,1.47330,144.31000,24.56000,99.87000,24.25000,23.37000,0
108.35281,29.15700,1.47320,144.44000,24.56000,99.87000,24.25000,23.37000,0
108.75858,29.15600,1.47310,144.44000,24.56000,99.81000,24.25000,23.37000,0
109.14746,29.15500,1.47300,144.44000,24.56000,99.81000,24.25000,23.37000,0
109.55168,29.15400,1.47280,144.44000,24.56000,99.75000,24.25000,23.37000,0
109.95376,29.15400,1.47270,144.44000,24.56000,99.75000,24.25000,23.37000,0
110.34405,29.15300,1.47260,144.44000,24.56000,99.75000,24.25000,23.37000,0
110.74949,29.15200,1.47250,144.44000,24.56000,99.75000,24.25000,23.37000,0
111.14096,29.15200,1.47240,144.50000,24.56000,99.75000,24.25000,23.37000,0
111.54382,29.15100,1.47230,144.50000,24.56000,99.75000,24.25000,23.37000,0
111.94664,29.15000,1.47220,144.50000,24.56000,99.69000,24.25000,23.37000,0
112.33552,29.14900,1.47210,144.56000,24.56000,99.69000,24.25000,23.37000,0
112.73628,29.14800,1.47200,144.56000,24.56000,99.69000,24.25000,23.37000,0
113.13851,29.14800,1.47190,144.56000,24.56000,99.81000,24.25000,23.37000,0
113.54174,29.14700,1.47180,144.69000,24.56000,99.87000,24.25000,23.37000,0
113.93276,29.14600,1.47170,144.69000,24.56000,99.87000,24.25000,23.37000,0
114.33769,29.14600,1.47160,144.69000,24.56000,99.87000,24.25000,23.37000,0
114.72825,29.14500,1.47140,144.69000,24.56000,99.87000,24.25000,23.37000,0
115.13187,29.14400,1.47140,144.75000,24.56000,99.87000,24.25000,23.37000,0
115.53519,29.14300,1.47130,144.75000,24.56000,99.87000,24.25000,23.37000,0
115.92645,29.14300,1.47120,144.75000,24.56000,99.87000,24.25000,23.37000,0
116.33072,29.14200,1.47110,144.75000,24.56000,99.87000,24.25000,23.37000,0
116.73464,29.14100,1.47100,144.75000,24.56000,99.87000,24.25000,23.37000,0
117.12219,29.14000,1.47090,144.75000,24.56000,99.87000,24.25000,23.37000,0
117.52743,29.13900,1.47080,144.81000,24.56000,99.87000,24.25000,23.37000,0
117.92884,29.13900,1.47080,144.81000,24.56000,99.87000,24.25000,23.37000,0
118.31642,29.13800,1.47070,144.81000,24.56000,99.87000,24.25000,23.37000,0
118.71969,29.13700,1.47070,144.81000,24.56000,99.87000,24.25000,23.37000,0
119.12642,29.13600,1.47060,144.81000,24.56000,99.87000,24.25000,23.37000,0
119.51296,29.13500,1.47060,144.81000,24.56000,99.87000,24.25000,23.37000,0
119.91593,29.13500,1.47050,144.81000,24.56000,99.87000,24.25000,23.37000,0
120.32226,29.13400,1.47050,144.81000,24.56000,99.81000,24.25000,23.37000,0
120.72232,29.13300,1.47040,144.81000,24.56000,99.81000,24.25000,23.37000,0
121.11066,29.13200,1.47030,144.81000,24.56000,99.81000,24.25000,23.37000,0
121.51389,29.13100,1.47020,144.81000,24.56000,99.81000,24.25000,23.37000,0
121.91539,29.13000,1.47020,144.81000,24.56000,99.81000,24.25000,23.37000,0
122.30377,29.13000,1.47010,144.81000,24.56000,99.81000,24.25000,23.37000,0
122.70790,29.12900,1.47000,144.81000,24.56000,99.75000,24.25000,23.37000,0
123.11369,29.12800,1.47000,144.81000,24.56000,99.75000,24.25000,23.37000,0
123.50182,29.12700,1.47000,144.81000,24.56000,99.75000,24.25000,23.37000,0
123.90434,29.12600,1.46990,144.75000,24.56000,99.75000,24.25000,23.37000,0
124.30826,29.12600,1.46990,144.69000,24.56000,99.62000,24.25000,23.37000,0
124.69714,29.12500,1.46980,144.69000,24.56000,99.62000,24.25000,23.37000,0
125.09969,29.12400,1.46980,144.69000,24.56000,99.62000,24.25000,23.37000,0
125.50462,29.12300,1.46970,144.69000,24.56000,99.69000,24.25000,23.37000,0
125.89159,29.12200,1.46960,144.69000,24.56000,99.69000,24.25000,23.37000,0
126.29636,29.12100,1.46960,144.69000,24.56000,99.69000,24.25000,23.37000,0
126.69889,29.12000,1.46950,144.69000,24.56000,99.69000,24.25000,23.37000,0
127.09730,29.12000,1.46950,144.69000,24.56000,99.69000,24.25000,23.37000,0
127.48528,29.11900,1.46950,144.69000,24.56000,99.69000,24.25000,23.37000,0
127.88909,29.11800,1.46940,144.69000,24.56000,99.75000,24.25000,23.37000,0
128.29479,29.11700,1.46940,144.69000,24.56000,99.81000,24.25000,23.37000,0
128.69611,29.11700,1.46930,144.63000,24.56000,99.81000,24.25000,23.37000,0
129.08382,29.11600,1.46930,144.56000,24.56000,99.75000,24.25000,23.37000,0
129.48746,29.11500,1.46920,144.56000,24.56000,99.75000,24.25000,23.37000,0
129.89281,29.11400,1.46920,144.56000,24.56000,99.75000,24.25000,23.37000,0
130.28066,29.11300,1.46920,144.50000,24.56000,99.75000,24.25000,23.37000,0
130.68595,29.11300,1.46910,144.50000,24.56000,99.75000,24.25000,23.37000,0
131.07396,29.11200,1.46910,144.50000,24.56000,99.75000,24.25000,23.37000,0
131.48059,29.11100,1.46910,144.50000,24.56000,99.75000,24.25000,23.37000,0
131.87177,29.11000,1.46900,144.50000,24.56000,99.75000,24.25000,23.37000,0
132.27744,29.11000,1.46900,144.50000,24.56000,99.75000,24.25000,23.37000,0
132.67859,29.10900,1.46890,144.50000,24.56000,99.75000,24.25000,23.37000,0
133.07942,29.10800,1.46890,144.44000,24.56000,99.75000,24.25000,23.37000,0
133.46934,29.10700,1.46880,144.44000,24.56000,99.75000,24.25000,23.37000,0
133.87309,29.10600,1.46880,144.44000,24.56000,99.75000,24.25000,23.37000,0
134.27789,29.10600,1.46870,144.38000,24.56000,99.75000,24.25000,23.37000,0
134.66745,29.10500,1.46870,144.38000,24.56000,99.75000,24.25000,23.37000,0
134.86811,29.10400,1.46870,144.38000,24.56000,99.81000,24.25000,23.37000,0
135.27165,29.10300,1.46870,144.38000,24.56000,99.81000,24.25000,23.37000,0
135.47170,29.10300,1.46870,144.38000,24.56000,99.87000,24.25000,23.37000,0
135.67265,29.10300,1.46870,144.38000,24.56000,99.87000,24.25000,23.37000,0
135.86012,29.10200,1.46870,144.38000,24.56000,99.87000,24.25000,23.37000,0
136.06072,29.10200,1.46870,144.38000,24.56000,99.87000,24.25000,23.37000,0
136.26302,29.10100,1.46860,144.38000,24.56000,99.87000,24.25000,23.37000,0
136.46638,29.10100,1.46860,144.38000,24.56000,99.87000,24.25000,23.37000,0
136.66739,29.10100,1.46860,144.31000,24.56000,99.87000,24.25000,23.37000,0
136.86917,29.10000,1.46860,144.31000,24.56000,99.87000,24.25000,23.37000,0
137.05628,29.10000,1.46850,144.31000,24.56000,99.87000,24.25000,23.37000,0
137.25786,29.10000,1.46850,144.31000,24.56000,99.87000,24.25000,23.37000,0
137.46066,29.09900,1.46850,144.31000,24.56000,99.87000,24.25000,23.37000,0
137.66267,29.09900,1.46840,144.31000,24.56000,99.87000,24.25000,23.37000,0
137.86512,29.09900,1.46840,144.25000,24.56000,99.87000,24.25000,23.37000,0
138.05120,29.09800,1.46830,144.25000,24.56000,99.87000,24.25000,23.37000,0
138.25478,29.09800,1.46840,144.19000,24.56000,99.87000,24.25000,23.37000,0
138.45776,29.09800,1.46830,144.13000,24.56000,99.87000,24.25000,23.37000,0
138.66061,29.09700,1.46830,144.13000,24.56000,99.87000,24.25000,23.37000,0
138.86176,29.09700,1.46830,144.13000,24.56000,99.87000,24.25000,23.37000,0
139.06273,29.09600,1.46830,144.13000,24.56000,99.87000,24.25000,23.37000,0
139.24913,29.09600,1.46830,144.13000,24.56000,99.87000,24.25000,23.37000,0
139.45060,29.09600,1.46830,144.06000,24.56000,99.81000,24.25000,23.37000,0
139.65269,29.09500,1.46820,144.00000,24.56000,99.81000,24.25000,23.37000,0
139.85644,29.09500,1.46820,144.00000,24.56000,99.81000,24.25000,23.37000,0
140.05768,29.09400,1.46810,144.00000,24.56000,99.81000,24.25000,23.37000,0
140.25708,29.09400,1.46810,144.00000,24.56000,99.81000,24.25000,23.37000,0
140.45743,29.09300,1.46810,144.00000,24.56000,99.81000,24.25000,23.37000,0
140.64392,29.09300,1.46810,144.00000,24.56000,99.81000,24.25000,23.37000,0
140.84688,29.09300,1.46810,144.00000,24.56000,99.81000,24.25000,23.37000,0
141.04937,29.09200,1.46800,144.00000,24.56000,99.81000,24.25000,23.37000,0
141.25227,29.09200,1.46800,144.00000,24.56000,99.81000,24.25000,23.37000,0
141.45376,29.09200,1.46800,144.00000,24.56000,99.81000,24.25000,23.37000,0
141.64180,29.09100,1.46800,144.00000,24.56000,99.81000,24.25000,23.37000,0
141.84058,29.09100,1.46800,143.94000,24.56000,99.81000,24.25000,23.37000,0
142.04378,29.09100,1.46800,143.94000,24.56000,99.81000,24.25000,23.37000,0
142.24482,29.09000,1.46800,143.94000,24.56000,99.87000,24.25000,23.37000,0
142.44883,29.09000,1.46800,143.94000,24.56000,99.87000,24.25000,23.37000,0
142.65053,29.08900,1.46800,143.94000,24.56000,99.87000,24.25000,23.37000,0
142.83718,29.08900,1.46790,143.94000,24.56000,99.87000,24.25000,23.37000,0
143.03862,29.08800,1.46790,143.94000,24.56000,99.87000,24.25000,23.37000,0
143.24101,29.08800,1.46790,143.94000,24.56000,99.94000,24.25000,23.37000,0
143.44375,29.08800,1.46790,143.94000,24.56000,99.94000,24.25000,23.37000,0
143.64651,29.08800,1.46790,143.94000,24.56000,99.94000,24.25000,23.37000,0
143.84644,29.08700,1.46790,143.94000,24.56000,99.94000,24.25000,23.37000,0
144.03368,29.08700,1.46790,143.94000,24.56000,99.94000,24.25000,23.37000,0
144.23627,29.08600,1.46780,143.94000,24.56000,99.94000,24.25000,23.37000,0
144.43810,29.08600,1.46780,143.94000,24.56000,99.94000,24.25000,23.37000,0
144.63964,29.08500,1.46780,143.88000,24.56000,99.94000,24.25000,23.37000,0
144.83917,29.08500,1.46780,143.88000,24.56000,99.94000,24.25000,23.37000,0
145.04204,29.08500,1.46780,143.88000,24.56000,99.94000,24.25000,23.37000,0
145.22964,29.08400,1.46780,143.88000,24.56000,99.94000,24.25000,23.37000,0
145.43249,29.08400,1.46780,143.81000,24.56000,99.94000,24.25000,23.37000,0
145.63381,29.08300,1.46780,143.81000,24.56000,99.94000,24.25000,23.37000,0
145.83534,29.08300,1.46780,143.81000,24.56000,99.94000,24.25000,23.37000,0
146.03895,29.08300,1.46770,143.81000,24.56000,99.94000,24.25000,23.37000,0
146.22455,29.08200,1.46770,143.81000,24.56000,99.94000,24.25000,23.37000,0
146.42888,29.08200,1.46770,143.81000,24.56000,99.94000,24.25000,23.37000,0
146.62947,29.08200,1.46770,143.75000,24.56000,99.94000,24.25000,23.37000,0
146.83172,29.08100,1.46770,143.75000,24.56000,99.87000,24.25000,23.37000,0
147.03281,29.08100,1.46770,143.75000,24.56000,99.87000,24.25000,23.37000,0
147.23524,29.08000,1.46770,143.75000,24.56000,99.87000,24.25000,23.37000,0
147.42377,29.08000,1.46770,143.75000,24.56000,99.87000,24.25000,23.37000,0
147.62648,29.08000,1.46770,143.75000,24.56000,99.87000,24.25000,23.37000,0
147.82748,29.07900,1.46760,143.75000,24.56000,99.87000,24.25000,23.37000,0
148.03000,29.07900,1.46760,143.75000,24.56000,99.87000,24.25000,23.37000,0
148.23172,29.07800,1.46760,143.75000,24.56000,99.87000,24.25000,23.37000,0
148.41865,29.07800,1.46760,143.75000,24.56000,99.87000,24.25000,23.37000,0
148.62045,29.07800,1.46760,143.75000,24.56000,99.87000,24.25000,23.37000,0
148.82210,29.07700,1.46770,143.75000,24.56000,99.87000,24.25000,23.37000,0
149.02401,29.07700,1.46770,143.75000,24.56000,99.87000,24.25000,23.37000,0
149.22636,29.07600,1.46770,143.69000,24.56000,99.87000,24.25000,23.37000,0
149.42842,29.07600,1.46770,143.69000,24.56000,99.87000,24.25000,23.37000,0
149.61325,29.07600,1.46770,143.69000,24.56000,99.87000,24.25000,23.37000,0
149.81360,29.07500,1.46770,143.63000,24.56000,99.94000,24.25000,23.37000,0
150.01679,29.07500,1.46770,143.63000,24.56000,99.94000,24.25000,23.37000,0
150.22007,29.07400,1.46760,143.63000,24.56000,99.94000,24.25000,23.37000,0
150.42236,29.07400,1.46760,143.63000,24.56000,99.94000,24.25000,23.37000,0
150.62324,29.07400,1.46760,143.63000,24.56000,99.94000,24.25000,23.37000,0
150.80866,29.07300,1.46760,143.63000,24.56000,99.94000,24.25000,23.37000,0
151.01067,29.07300,1.46760,143.63000,24.56000,99.94000,24.25000,23.37000,0
151.21068,29.07200,1.46760,143.63000,24.56000,99.94000,24.25000,23.37000,0
151.41215,29.07200,1.46760,143.63000,24.56000,99.94000,24.25000,23.37000,0
151.61448,29.07200,1.46760,143.63000,24.56000,99.94000,24.25000,23.37000,0
151.81834,29.07100,1.46760,143.63000,24.56000,99.94000,24.25000,23.37000,0
152.00521,29.07100,1.46750,143.63000,24.56000,99.94000,24.25000,23.37000,0
152.20760,29.07100,1.46760,143.63000,24.56000,99.94000,24.25000,23.37000,0
152.40640,29.07000,1.46760,143.63000,24.56000,99.87000,24.25000,23.37000,0
152.60794,29.07000,1.46760,143.56000,24.56000,99.87000,24.25000,23.37000,0
152.80930,29.06900,1.46760,143.50000,24.56000,99.87000,24.25000,23.37000,0
153.01217,29.06900,1.46760,143.50000,24.56000,99.81000,24.25000,23.37000,0
153.21381,29.06800,1.46750,143.50000,24.56000,99.81000,24.25000,23.37000,0
153.40067,29.06800,1.46750,143.50000,24.56000,99.81000,24.25000,23.37000,0
153.60176,29.06800,1.46750,143.50000,24.56000,99.81000,24.25000,23.37000,0
153.80176,29.06700,1.46750,143.50000,24.56000,99.81000,24.25000,23.37000,0
154.00367,29.06700,1.46750,143.44000,24.56000,99.75000,24.25000,23.37000,0
154.20672,29.06600,1.46750,143.44000,24.56000,99.75000,24.25000,23.37000,0
154.40918,29.06600,1.46750,143.38000,24.56000,99.75000,24.25000,23.37000,0
154.61013,29.06600,1.46750,143.38000,24.56000,99.75000,24.25000,23.37000,0
154.79645,29.06500,1.46750,143.38000,24.56000,99.75000,24.25000,23.37000,0
154.99895,29.06500,1.46750,143.38000,24.56000,99.69000,24.25000,23.37000,0
155.20179,29.06500,1.46750,143.38000,24.56000,99.62000,24.25000,23.37000,0
155.40299,29.06400,1.46750,143.38000,24.56000,99.62000,24.25000,23.37000,0
155.60384,29.06400,1.46740,143.38000,24.56000,99.62000,24.25000,23.37000,0
155.80424,29.06300,1.46740,143.38000,24.56000,99.62000,24.25000,23.37000,0
155.99169,29.06300,1.46740,143.38000,24.56000,99.62000,24.25000,23.37000,0
156.19379,29.06300,1.46740,143.38000,24.56000,99.62000,24.25000,23.37000,0
156.39594,29.06200,1.46740,143.38000,24.56000,99.62000,24.25000,23.37000,0
156.59766,29.06200,1.46740,143.38000,24.56000,99.75000,24.25000,23.37000,0
156.79744,29.06200,1.46740,143.38000,24.56000,99.75000,24.25000,23.37000,0
156.99892,29.06100,1.46740,143.31000,24.56000,99.75000,24.25000,23.37000,0
157.20060,29.06100,1.46740,143.31000,24.56000,99.75000,24.25000,23.37000,0
157.38748,29.06000,1.46740,143.31000,24.56000,99.81000,24.25000,23.37000,0
157.58911,29.06000,1.46740,143.31000,24.56000,99.81000,24.25000,23.37000,0
157.78840,29.05900,1.46740,143.31000,24.56000,99.81000,24.25000,23.37000,0
157.98977,29.05900,1.46740,143.31000,24.56000,99.87000,24.25000,23.37000,0
158.19386,29.05900,1.46740,143.31000,24.56000,99.87000,24.25000,23.37000,0
158.39570,29.05800,1.46740,143.25000,24.56000,99.87000,24.25000,23.37000,0
158.59731,29.05800,1.46740,143.25000,24.56000,99.87000,24.25000,23.37000,0
158.78345,29.05800,1.46740,143.25000,24.56000,99.87000,24.25000,23.37000,0
158.98498,29.05700,1.46740,143.25000,24.56000,99.87000,24.25000,23.37000,0
159.18820,29.05700,1.46730,143.25000,24.56000,99.87000,24.25000,23.37000,0
159.39010,29.05600,1.46730,143.25000,24.56000,99.87000,24.25000,23.37000,0
159.59238,29.05600,1.46730,143.25000,24.56000,99.87000,24.25000,23.37000,0
159.79294,29.05600,1.46730,143.25000,24.56000,99.87000,24.25000,23.37000,0
159.98071,29.05500,1.46730,143.25000,24.56000,99.87000,24.25000,23.37000,0
160.18181,29.05500,1.46730,143.19000,24.56000,99.87000,24.25000,23.37000,0
160.38435,29.05500,1.46730,143.19000,24.56000,99.87000,24.25000,23.37000,0
160.58885,29.05400,1.46730,143.19000,24.56000,99.87000,24.25000,23.37000,0
160.78891,29.05400,1.46730,143.19000,24.56000,99.87000,24.25000,23.37000,0
160.99064,29.05300,1.46730,143.19000,24.56000,99.81000,24.25000,23.37000,0
161.17839,29.05300,1.46730,143.19000,24.56000,99.81000,24.25000,23.37000,0
161.38068,29.05300,1.46730,143.13000,24.56000,99.81000,24.25000,23.37000,0
161.58089,29.05200,1.46730,143.13000,24.56000,99.81000,24.25000,23.37000,0
161.78374,29.05200,1.46730,143.13000,24.56000,99.81000,24.25000,23.37000,0
161.98644,29.05100,1.46730,143.13000,24.56000,99.81000,24.25000,23.37000,0
162.18517,29.05100,1.46730,143.13000,24.56000,99.81000,24.25000,23.37000,0
162.37069,29.05100,1.46730,143.13000,24.56000,99.81000,24.25000,23.37000,0
162.57065,29.05000,1.46730,143.06000,24.56000,99.81000,24.25000,23.37000,0
162.77111,29.05000,1.46730,143.06000,24.56000,99.81000,24.25000,23.37000,0
162.97084,29.04900,1.46730,143.06000,24.56000,99.81000,24.25000,23.37000,0
163.16947,29.04900,1.46730,143.00000,24.56000,99.81000,24.25000,23.37000,0
163.37049,29.04900,1.46730,143.00000,24.56000,99.81000,24.25000,23.37000,0
163.57111,29.04800,1.46730,143.00000,24.56000,99.81000,24.25000,23.37000,0
163.77383,29.04800,1.46730,143.00000,24.56000,99.81000,24.25000,23.37000,0
163.97632,29.04700,1.46730,143.00000,24.56000,99.81000,24.25000,23.37000,0
164.17965,29.04700,1.46730,143.00000,24.56000,99.81000,24.25000,23.37000,0
164.36640,29.04700,1.46720,142.94000,24.56000,99.81000,24.25000,23.37000,0
164.56879,29.04600,1.46720,142.94000,24.56000,99.81000,24.25000,23.37000,0
164.77165,29.04600,1.46720,142.94000,24.56000,99.81000,24.25000,23.37000,0
164.97418,29.04600,1.46720,142.94000,24.56000,99.81000,24.25000,23.37000,0
165.17343,29.04500,1.46720,142.94000,24.56000,99.81000,24.25000,23.37000,0
165.37487,29.04500,1.46720,142.94000,24.56000,99.81000,24.25000,23.37000,0
165.56264,29.04400,1.46720,142.94000,24.56000,99.81000,24.25000,23.37000,0
165.76338,29.04400,1.46720,142.94000,24.56000,99.81000,24.25000,23.37000,0
165.96644,29.04400,1.46720,142.94000,24.56000,99.81000,24.25000,23.37000,0
166.16700,29.04300,1.46720,142.94000,24.56000,99.81000,24.25000,23.37000,0
166.37197,29.04300,1.46720,142.94000,24.56000,99.81000,24.25000,23.37000,0
166.55952,29.04200,1.46720,142.94000,24.56000,99.81000,24.25000,23.37000,0
166.76065,29.04200,1.46720,142.94000,24.56000,99.81000,24.25000,23.37000,0
166.96318,29.04200,1.46720,142.94000,24.56000,99.81000,24.25000,23.37000,0
167.16376,29.04100,1.46720,142.94000,24.56000,99.81000,24.25000,23.37000,0
167.36835,29.04100,1.46720,142.94000,24.56000,99.81000,24.25000,23.37000,0
167.55597,29.04100,1.46710,142.88000,24.56000,99.81000,24.25000,23.37000,0
167.75682,29.04000,1.46710,142.88000,24.56000,99.81000,24.25000,23.37000,0
167.96069,29.04000,1.46710,142.88000,24.56000,99.81000,24.25000,23.37000,0
168.16274,29.03900,1.46710,142.88000,24.56000,99.81000,24.25000,23.37000,0
168.36280,29.03900,1.46710,142.88000,24.56000,99.81000,24.25000,23.37000,0
168.56569,29.03900,1.46710,142.88000,24.56000,99.81000,24.25000,23.37000,0
168.74949,29.03800,1.46710,142.88000,24.56000,99.81000,24.25000,23.37000,0
168.95113,29.03800,1.46710,142.88000,24.56000,99.81000,24.25000,23.37000,0
169.15536,29.03800,1.46710,142.88000,24.56000,99.81000,24.25000,23.37000,0
169.35571,29.03700,1.46710,142.88000,24.56000,99.81000,24.25000,23.37000,0
169.55969,29.03700,1.46710,142.88000,24.56000,99.81000,24.25000,23.37000,0
169.76174,29.03600,1.46710,142.88000,24.56000,99.81000,24.25000,23.37000,0
169.94945,29.03600,1.46710,142.81000,24.56000,99.81000,24.25000,23.37000,0
170.15171,29.03600,1.46710,142.81000,24.56000,99.81000,24.25000,23.37000,0
170.35447,29.03500,1.46710,142.81000,24.56000,99.81000,24.25000,23.37000,0
170.55724,29.03500,1.46710,142.81000,24.56000,99.81000,24.25000,23.37000,0
170.74643,29.03400,1.46710,142.81000,24.56000,99.81000,24.25000,23.37000,0
170.94737,29.03400,1.46710,142.81000,24.56000,99.87000,24.25000,23.37000,0
171.15022,29.03400,1.46710,142.75000,24.56000,99.87000,24.25000,23.37000,0
171.35258,29.03300,1.46710,142.75000,24.56000,99.87000,24.25000,23.37000,0
171.55337,29.03300,1.46710,142.75000,24.56000,99.87000,24.25000,23.37000,0
171.75492,29.03300,1.46710,142.75000,24.56000,99.87000,24.25000,23.37000,0
171.94200,29.03200,1.46710,142.75000,24.56000,99.87000,24.25000,23.37000,0
172.14369,29.03200,1.46710,142.75000,24.56000,99.87000,24.25000,23.37000,0
172.34699,29.03100,1.46710,142.75000,24.56000,99.94000,24.25000,23.37000,0
172.54671,29.03100,1.46710,142.75000,24.56000,99.94000,24.25000,23.37000,0
172.75055,29.03000,1.46710,142.75000,24.56000,99.94000,24.25000,23.37000,0
172.93643,29.03000,1.46710,142.75000,24.56000,99.94000,24.25000,23.37000,0
173.13848,29.03000,1.46710,142.75000,24.56000,99.94000,24.25000,23.37000,0
173.34051,29.02900,1.46710,142.69000,24.56000,99.94000,24.25000,23.37000,0
173.54182,29.02900,1.46710,142.63000,24.56000,99.94000,24.25000,23.37000,0
173.74202,29.02800,1.46710,142.63000,24.56000,99.94000,24.25000,23.37000,0
173.94498,29.02800,1.46700,142.63000,24.56000,99.94000,24.25000,23.37000,0
174.14596,29.02800,1.46700,142.63000,24.56000,99.94000,24.25000,23.37000,0
174.33142,29.02700,1.46700,142.63000,24.56000,99.94000,24.25000,23.37000,0
174.53455,29.02700,1.46700,142.56000,24.56000,99.94000,24.25000,23.37000,0
174.73762,29.02700,1.46700,142.56000,24.56000,99.94000,24.25000,23.37000,0
174.93885,29.02600,1.46700,142.56000,24.56000,99.94000,24.25000,23.37000,0
175.14018,29.02600,1.46700,142.56000,24.56000,99.87000,24.25000,23.37000,0
175.34066,29.02500,1.46700,142.56000,24.56000,99.81000,24.25000,23.37000,0
175.54214,29.02500,1.46700,142.56000,24.56000,99.81000,24.25000,23.37000,0
175.72871,29.02500,1.46700,142.56000,24.56000,99.81000,24.25000,23.37000,0
175.93035,29.02400,1.46700,142.56000,24.56000,99.81000,24.25000,23.37000,0
176.13232,29.02400,1.46700,142.56000,24.56000,99.81000,24.25000,23.37000,0
176.33304,29.02300,1.46700,142.56000,24.56000,99.81000,24.25000,23.37000,0
176.53521,29.02300,1.46700,142.56000,24.56000,99.81000,24.25000,23.37000,0
176.73738,29.02300,1.46700,142.56000,24.56000,99.81000,24.25000,23.37000,0
176.92359,29.02200,1.46700,142.56000,24.56000,99.81000,24.25000,23.37000,0
177.12642,29.02200,1.46700,142.56000,24.56000,99.81000,24.25000,23.37000,0
177.32859,29.02200,1.46700,142.50000,24.56000,99.81000,24.25000,23.37000,0
177.52942,29.02100,1.46700,142.50000,24.56000,99.81000,24.25000,23.37000,0
177.73407,29.02100,1.46700,142.50000,24.56000,99.81000,24.25000,23.37000,0
177.92059,29.02000,1.46700,142.50000,24.56000,99.81000,24.25000,23.37000,0
178.12119,29.02000,1.46700,142.44000,24.56000,99.81000,24.25000,23.37000,0
178.32261,29.02000,1.46700,142.44000,24.56000,99.81000,24.25000,23.37000,0
178.52257,29.02000,1.46700,142.44000,24.56000,99.81000,24.25000,23.37000,0
178.72045,29.01900,1.46700,142.44000,24.56000,99.81000,24.25000,23.37000,0
178.92323,29.01900,1.46700,142.44000,24.56000,99.81000,24.25000,23.37000,0
179.12537,29.01900,1.46700,142.44000,24.56000,99.87000,24.25000,23.37000,0
179.32743,29.01800,1.46700,142.44000,24.56000,99.87000,24.25000,23.37000,0
179.53061,29.01800,1.46700,142.44000,24.56000,99.87000,24.25000,23.37000,0
179.71638,29.01700,1.46700,142.44000,24.56000,99.87000,24.25000,23.37000,0
179.92063,29.01700,1.46700,142.44000,24.56000,99.87000,24.25000,23.37000,0
180.12280,29.01700,1.46690,142.44000,24.56000,99.94000,24.25000,23.37000,0
180.32269,29.01600,1.46690,142.44000,24.56000,99.94000,24.25000,23.37000,0
180.52472,29.01600,1.46690,142.44000,24.56000,100.00000,24.25000,23.37000,0
180.71176,29.01500,1.46690,142.44000,24.56000,100.00000,24.25000,23.37000,0
180.91419,29.01500,1.46690,142.44000,24.56000,100.00000,24.25000,23.37000,0
181.11539,29.01500,1.46690,142.44000,24.56000,100.00000,24.25000,23.37000,0
181.31740,29.01400,1.46690,142.44000,24.56000,100.00000,24.25000,23.37000,0
181.51884,29.01400,1.46690,142.38000,24.56000,100.00000,24.25000,23.37000,0
181.72077,29.01300,1.46690,142.38000,24.56000,100.00000,24.25000,23.37000,0
181.90680,29.01300,1.46690,142.38000,24.56000,100.00000,24.25000,23.37000,0
182.10810,29.01300,1.46690,142.38000,24.56000,100.00000,24.25000,23.37000,0
182.31089,29.01200,1.46690,142.38000,24.56000,100.00000,24.25000,23.37000,0
182.51448,29.01200,1.46690,142.38000,24.56000,100.00000,24.25000,23.37000,0
182.71949,29.01200,1.46690,142.31000,24.56000,100.00000,24.25000,23.37000,0
182.90323,29.01100,1.46690,142.31000,24.56000,99.94000,24.25000,23.37000,0
183.10630,29.01100,1.46690,142.31000,24.56000,99.94000,24.25000,23.37000,0
183.30751,29.01100,1.46690,142.25000,24.56000,99.94000,24.25000,23.37000,0
183.51069,29.01000,1.46690,142.25000,24.56000,99.94000,24.25000,23.37000,0
183.71275,29.01000,1.46690,142.25000,24.56000,99.94000,24.25000,23.37000,0
183.90049,29.00900,1.46690,142.25000,24.56000,99.87000,24.25000,23.37000,0
184.11464,29.00900,1.46690,142.25000,24.56000,99.87000,24.25000,23.37000,0
184.30175,29.00900,1.46690,142.25000,24.56000,99.87000,24.25000,23.37000,0
184.50253,29.00800,1.46680,142.25000,24.56000,99.87000,24.25000,23.37000,0
184.70501,29.00800,1.46680,142.25000,24.56000,99.87000,24.25000,23.37000,0
184.90809,29.00800,1.46680,142.25000,24.56000,99.81000,24.25000,23.37000,0
185.10877,29.00700,1.46680,142.25000,24.56000,99.81000,24.25000,23.37000,0
185.31038,29.00700,1.46680,142.25000,24.56000,99.81000,24.25000,23.37000,0
185.49728,29.00700,1.46680,142.25000,24.56000,99.81000,24.25000,23.37000,0
185.69886,29.00600,1.46680,142.25000,24.56000,99.81000,24.25000,23.37000,0
185.89823,29.00600,1.46690,142.25000,24.56000,99.81000,24.25000,23.37000,0
186.09895,29.00600,1.46690,142.25000,24.56000,99.81000,24.25000,23.37000,0
186.29890,29.00500,1.46680,142.19000,24.56000,99.81000,24.25000,23.37000,0
186.50176,29.00500,1.46680,142.19000,24.56000,99.81000,24.25000,23.37000,0
186.70387,29.00400,1.46680,142.19000,24.56000,99.81000,24.25000,23.37000,0
186.90516,29.00400,1.46680,142.19000,24.56000,99.81000,24.25000,23.37000,0
187.09226,29.00400,1.46680,142.19000,24.56000,99.81000,24.25000,23.37000,0
187.29487,29.00300,1.46680,142.13000,24.56000,99.81000,24.25000,23.37000,0
187.49791,29.00300,1.46680,142.13000,24.56000,99.81000,24.25000,23.37000,0
187.69852,29.00300,1.46680,142.13000,24.56000,99.81000,24.25000,23.37000,0
187.89923,29.00200,1.46680,142.13000,24.56000,99.81000,24.25000,23.37000,0
188.10178,29.00200,1.46680,142.13000,24.56000,99.81000,24.25000,23.37000,0
188.28907,29.00200,1.46680,142.13000,24.56000,99.81000,24.25000,23.37000,0
188.49060,29.00100,1.46680,142.06000,24.56000,99.81000,24.25000,23.37000,0
188.69538,29.00100,1.46670,142.06000,24.56000,99.87000,24.25000,23.37000,0
188.89590,29.00100,1.46670,142.06000,24.56000,99.87000,24.25000,23.37000,0
189.09741,29.00000,1.46670,142.06000,24.56000,99.87000,24.25000,23.37000,0
189.28386,29.00000,1.46670,142.06000,24.56000,99.87000,24.25000,23.37000,0
189.48636,28.99900,1.46670,142.06000,24.56000,99.87000,24.25000,23.37000,0
189.68916,28.99900,1.46670,142.06000,24.56000,99.87000,24.25000,23.37000,0
189.89135,28.99900,1.46670,142.06000,24.56000,99.87000,24.25000,23.37000,0
190.09138,28.99800,1.46670,142.00000,24.56000,99.87000,24.25000,23.37000,0
190.29236,28.99800,1.46670,142.00000,24.56000,99.87000,24.25000,23.37000,0
190.49250,28.99800,1.46670,142.00000,24.56000,99.81000,24.25000,23.37000,0
190.67880,28.99700,1.46670,142.00000,24.56000,99.81000,24.25000,23.37000,0
190.88181,28.99700,1.46670,141.94000,24.56000,99.81000,24.25000,23.37000,0
191.08246,28.99700,1.46670,141.94000,24.56000,99.75000,24.25000,23.37000,0
191.28480,28.99600,1.46670,141.94000,24.56000,99.75000,24.25000,23.37000,0
191.48643,28.99600,1.46670,141.94000,24.56000,99.75000,24.25000,23.37000,0
191.68842,28.99500,1.46670,141.94000,24.56000,99.75000,24.25000,23.37000,0
191.87523,28.99500,1.46670,141.94000,24.56000,99.75000,24.25000,23.37000,0
192.07659,28.99500,1.46670,141.94000,24.56000,99.75000,24.25000,23.37000,0
192.27921,28.99500,1.46670,141.94000,24.56000,99.75000,24.25000,23.37000,0
192.48065,28.99400,1.46670,141.88000,24.56000,99.75000,24.25000,23.37000,0
192.68383,28.99400,1.46670,141.88000,24.56000,99.75000,24.25000,23.37000,0
192.88536,28.99300,1.46670,141.88000,24.56000,99.75000,24.25000,23.37000,0
193.07074,28.99300,1.46670,141.88000,24.56000,99.81000,24.25000,23.37000,0
193.27224,28.99200,1.46670,141.88000,24.56000,99.81000,24.25000,23.37000,0
193.47462,28.99200,1.46670,141.88000,24.56000,99.81000,24.25000,23.37000,0
193.67912,28.99200,1.46670,141.88000,24.56000,99.81000,24.25000,23.37000,0
193.88179,28.99100,1.46670,141.88000,24.56000,99.81000,24.25000,23.37000,0
194.06834,28.99100,1.46670,141.88000,24.56000,99.81000,24.25000,23.37000,0
194.27168,28.99100,1.46670,141.88000,24.56000,99.81000,24.25000,23.37000,0
194.47169,28.99000,1.46670,141.88000,24.56000,99.81000,24.25000,23.37000,0
194.67365,28.99000,1.46670,141.88000,24.56000,99.81000,24.25000,23.37000,0
194.87479,28.99000,1.46660,141.88000,24.56000,99.87000,24.25000,23.37000,0
195.07757,28.98900,1.46660,141.88000,24.56000,99.87000,24.25000,23.37000,0
195.26372,28.98900,1.46660,141.81000,24.56000,99.87000,24.25000,23.37000,0
195.46637,28.98900,1.46660,141.81000,24.56000,99.87000,24.25000,23.37000,0
195.66854,28.98800,1.46660,141.81000,24.56000,99.87000,24.25000,23.37000,0
195.87070,28.98800,1.46660,141.81000,24.56000,99.87000,24.25000,23.37000,0
196.07289,28.98700,1.46660,141.81000,24.56000,99.87000,24.25000,23.37000,0
196.26030,28.98700,1.46660,141.75000,24.56000,99.87000,24.25000,23.37000,0
196.46273,28.98700,1.46660,141.75000,24.56000,99.87000,24.25000,23.37000,0
196.66450,28.98700,1.46660,141.75000,24.56000,99.87000,24.25000,23.37000,0
196.86677,28.98600,1.46650,141.75000,24.56000,99.87000,24.25000,23.37000,0
197.06862,28.98600,1.46660,141.69000,24.56000,99.87000,24.25000,23.37000,0
197.26863,28.98600,1.46650,141.69000,24.56000,99.87000,24.25000,23.37000,0
197.45631,28.98500,1.46650,141.69000,24.56000,99.87000,24.25000,23.37000,0
197.66069,28.98500,1.46650,141.69000,24.56000,99.87000,24.25000,23.37000,0
197.86170,28.98500,1.46650,141.69000,24.56000,99.87000,24.25000,23.37000,0
198.06392,28.98400,1.46650,141.69000,24.56000,99.87000,24.25000,23.37000,0
198.26655,28.98400,1.46650,141.69000,24.56000,99.87000,24.25000,23.37000,0
198.45277,28.98400,1.46650,141.69000,24.56000,99.87000,24.25000,23.37000,0
198.65432,28.98300,1.46650,141.69000,24.56000,99.87000,24.25000,23.37000,0
198.85679,28.98300,1.46660,141.69000,24.56000,99.87000,24.25000,23.37000,0
199.05976,28.98300,1.46660,141.69000,24.56000,99.87000,24.25000,23.37000,0
199.26158,28.98200,1.46650,141.69000,24.56000,99.87000,24.25000,23.37000,0
199.46215,28.98200,1.46650,141.69000,24.56000,99.87000,24.25000,23.37000,0
199.65034,28.98200,1.46650,141.69000,24.56000,99.87000,24.25000,23.37000,0
199.85140,28.98100,1.46650,141.63000,24.56000,99.87000,24.25000,23.37000,0
200.05401,28.98100,1.46660,141.63000,24.56000,99.87000,24.25000,23.37000,0
200.25620,28.98100,1.46660,141.63000,24.56000,99.87000,24.25000,23.37000,0
200.46021,28.98000,1.46660,141.63000,24.56000,99.87000,24.25000,23.37000,0
200.64922,28.98000,1.46650,141.63000,24.56000,99.87000,24.25000,23.37000,0
200.85036,28.98000,1.46650,141.63000,24.56000,99.87000,24.25000,23.37000,0
201.05334,28.97900,1.46650,141.63000,24.56000,99.87000,24.25000,23.37000,0
201.25381,28.97900,1.46650,141.63000,24.56000,99.87000,24.25000,23.37000,0
201.45738,28.97900,1.46650,141.63000,24.56000,99.87000,24.25000,23.37000,0
201.64233,28.97800,1.46650,141.56000,24.56000,99.87000,24.25000,23.37000,0
201.84573,28.97800,1.46650,141.56000,24.56000,99.94000,24.25000,23.37000,0
202.04783,28.97800,1.46650,141.56000,24.56000,99.94000,24.25000,23.37000,0
202.25015,28.97700,1.46650,141.50000,24.56000,99.94000,24.25000,23.37000,0
202.45373,28.97700,1.46650,141.50000,24.56000,99.94000,24.25000,23.37000,0
202.65394,28.97700,1.46650,141.50000,24.56000,99.94000,24.25000,23.37000,0
202.83940,28.97600,1.46650,141.50000,24.56000,99.94000,24.25000,23.37000,0
203.04216,28.97600,1.46650,141.50000,24.56000,99.94000,24.25000,23.37000,0
203.24367,28.97600,1.46650,141.50000,24.56000,99.94000,24.25000,23.37000,0
203.44686,28.97500,1.46650,141.50000,24.56000,99.94000,24.25000,23.37000,0
203.65075,28.97500,1.46650,141.50000,24.56000,99.94000,24.25000,23.37000,0
203.83902,28.97500,1.46650,141.50000,24.56000,99.94000,24.25000,23.37000,0
204.04077,28.97400,1.46650,141.50000,24.56000,99.94000,24.25000,23.37000,0
204.24381,28.97400,1.46650,141.50000,24.56000,99.94000,24.25000,23.37000,0
204.44507,28.97400,1.46650,141.44000,24.56000,99.94000,24.25000,23.37000,0
204.63324,28.97300,1.46650,141.44000,24.56000,99.87000,24.25000,23.37000,0
204.83522,28.97300,1.46640,141.44000,24.56000,99.87000,24.25000,23.37000,0
205.03747,28.97300,1.46650,141.44000,24.56000,99.87000,24.25000,23.37000,0
205.24062,28.97200,1.46640,141.44000,24.56000,99.81000,24.25000,23.37000,0
205.44188,28.97200,1.46640,141.44000,24.56000,99.81000,24.25000,23.37000,0
205.64263,28.97100,1.46640,141.38000,24.56000,99.81000,24.25000,23.37000,0
205.84429,28.97100,1.46640,141.38000,24.56000,99.81000,24.25000,23.37000,0
206.02953,28.97100,1.46650,141.38000,24.56000,99.81000,24.25000,23.37000,0
206.23226,28.97000,1.46650,141.38000,24.56000,99.81000,24.25000,23.37000,0
206.43175,28.97000,1.46640,141.38000,24.56000,99.81000,24.25000,23.37000,0
206.63591,28.97000,1.46650,141.31000,24.56000,99.81000,24.25000,23.37000,0
206.83918,28.96900,1.46640,141.31000,24.56000,99.75000,24.25000,23.37000,0
207.02648,28.96900,1.46640,141.31000,24.56000,99.75000,24.25000,23.37000,0
207.22909,28.96800,1.46640,141.31000,24.56000,99.75000,24.25000,23.37000,0
207.43117,28.96800,1.46640,141.31000,24.56000,99.75000,24.25000,23.37000,0
207.63376,28.96800,1.46640,141.31000,24.56000,99.75000,24.25000,23.37000,0
207.83635,28.96700,1.46640,141.25000,24.56000,99.75000,24.25000,23.37000,0
208.02333,28.96700,1.46640,141.25000,24.56000,99.75000,24.25000,23.37000,0
208.22659,28.96700,1.46640,141.25000,24.56000,99.75000,24.25000,23.37000,0
208.42806,28.96700,1.46640,141.25000,24.56000,99.81000,24.25000,23.37000,0
208.63005,28.96600,1.46640,141.25000,24.56000,99.81000,24.25000,23.37000,0
208.83215,28.96600,1.46640,141.25000,24.56000,99.87000,24.25000,23.37000,0
209.01920,28.96600,1.46640,141.25000,24.56000,99.94000,24.25000,23.37000,0
209.22321,28.96500,1.46640,141.25000,24.56000,99.94000,24.25000,23.37000,0
209.42264,28.96500,1.46640,141.25000,24.56000,99.94000,24.25000,23.37000,0
209.62334,28.96400,1.46640,141.25000,24.56000,99.94000,24.25000,23.37000,0
209.82460,28.96400,1.46640,141.25000,24.56000,99.94000,24.25000,23.37000,0
210.02696,28.96400,1.46640,141.25000,24.56000,99.87000,24.25000,23.37000,0
210.22870,28.96400,1.46640,141.25000,24.56000,99.87000,24.25000,23.37000,0
210.41727,28.96300,1.46640,141.19000,24.56000,99.87000,24.25000,23.37000,0
210.61642,28.96300,1.46640,141.19000,24.56000,99.87000,24.25000,23.37000,0
210.81959,28.96300,1.46640,141.19000,24.56000,99.87000,24.25000,23.37000,0
211.02073,28.96200,1.46640,141.19000,24.56000,99.87000,24.25000,23.37000,0
211.22318,28.96200,1.46630,141.13000,24.56000,99.81000,24.25000,23.37000,0
211.42485,28.96200,1.46640,141.13000,24.56000,99.81000,24.25000,23.37000,0
211.61216,28.96100,1.46630,141.13000,24.56000,99.81000,24.25000,23.37000,0
211.81554,28.96100,1.46630,141.13000,24.56000,99.81000,24.25000,23.37000,0
212.01847,28.96100,1.46630,141.06000,24.56000,99.81000,24.25000,23.37000,0
212.22047,28.96000,1.46630,141.06000,24.56000,99.81000,24.25000,23.37000,0
212.42167,28.96000,1.46630,141.06000,24.56000,99.81000,24.25000,23.37000,0
212.62058,28.96000,1.46630,141.06000,24.56000,99.81000,24.25000,23.37000,0
212.80717,28.96000,1.46640,141.06000,24.56000,99.81000,24.25000,23.37000,0
213.00936,28.95900,1.46640,141.06000,24.56000,99.81000,24.25000,23.37000,0
213.20970,28.95900,1.46640,141.06000,24.56000,99.81000,24.25000,23.37000,0
213.41192,28.95800,1.46640,141.06000,24.56000,99.81000,24.25000,23.37000,0
213.61491,28.95800,1.46640,141.00000,24.56000,99.81000,24.25000,23.37000,0
213.80288,28.95800,1.46640,141.00000,24.56000,99.81000,24.25000,23.37000,0
214.00377,28.95800,1.46630,141.00000,24.56000,99.81000,24.25000,23.37000,0
214.20643,28.95700,1.46630,141.00000,24.56000,99.81000,24.25000,23.37000,0
214.40540,28.95700,1.46630,141.00000,24.56000,99.81000,24.25000,23.37000,0
214.60630,28.95700,1.46630,141.00000,24.56000,99.81000,24.25000,23.37000,0
214.80841,28.95600,1.46630,141.00000,24.56000,99.81000,24.25000,23.37000,0
215.01070,28.95600,1.46630,141.00000,24.56000,99.81000,24.25000,23.37000,0
215.19797,28.95600,1.46630,141.00000,24.56000,99.81000,24.25000,23.37000,0
215.40065,28.95500,1.46630,141.00000,24.56000,99.81000,24.25000,23.37000,0
215.60313,28.95500,1.46630,141.00000,24.56000,99.81000,24.25000,23.37000,0
215.80450,28.95500,1.46630,141.00000,24.56000,99.81000,24.25000,23.37000,0
216.00910,28.95400,1.46630,141.00000,24.56000,99.81000,24.25000,23.37000,0
216.19623,28.95400,1.46630,141.00000,24.56000,99.81000,24.25000,23.37000,0
216.39701,28.95300,1.46630,141.00000,24.56000,99.81000,24.25000,23.37000,0
216.59904,28.95300,1.46630,141.00000,24.56000,99.87000,24.25000,23.37000,0
216.80102,28.95300,1.46630,141.00000,24.56000,99.87000,24.25000,23.37000,0
217.00324,28.95200,1.46630,141.00000,24.56000,99.94000,24.25000,23.37000,0
217.19105,28.95200,1.46630,141.00000,24.56000,99.94000,24.25000,23.37000,0
217.39073,28.95200,1.46630,141.00000,24.56000,99.94000,24.25000,23.37000,0
217.59467,28.95200,1.46630,141.00000,24.56000,99.94000,24.25000,23.37000,0
217.79829,28.95100,1.46630,140.94000,24.56000,99.94000,24.25000,23.37000,0
218.00116,28.95100,1.46630,140.94000,24.56000,99.94000,24.25000,23.37000,0
218.18839,28.95100,1.46630,140.94000,24.56000,99.94000,24.25000,23.37000,0
218.38941,28.95000,1.46630,140.94000,24.56000,99.94000,24.25000,23.37000,0
218.59048,28.95000,1.46630,140.94000,24.56000,99.94000,24.25000,23.37000,0
218.79215,28.95000,1.46630,140.94000,24.56000,99.94000,24.25000,23.37000,0
218.99472,28.94900,1.46630,140.94000,24.56000,99.94000,24.25000,23.37000,0
219.19717,28.94900,1.46630,140.94000,24.56000,99.94000,24.25000,23.37000,0
219.39784,28.94900,1.46630,140.94000,24.56000,99.94000,24.25000,23.37000,0
219.58572,28.94800,1.46630,140.94000,24.56000,99.94000,24.25000,23.37000,0
219.78708,28.94800,1.46630,140.94000,24.56000,99.94000,24.25000,23.37000,0
219.98853,28.94800,1.46630,140.94000,24.56000,99.94000,24.25000,23.37000,0
220.22161,28.94700,1.46630,140.94000,24.56000,99.94000,24.25000,23.37000,0
220.59469,28.94700,1.46640,140.88000,24.56000,99.94000,24.25000,23.37000,0
220.78277,28.94600,1.46640,140.88000,24.56000,99.94000,24.25000,23.37000,0
220.98312,28.94600,1.46640,140.88000,24.56000,99.94000,24.25000,23.37000,0
221.18586,28.94600,1.46640,140.81000,24.56000,99.94000,24.25000,23.37000,0
221.38742,28.94500,1.46640,140.81000,24.56000,99.87000,24.25000,23.37000,0
221.58931,28.94500,1.46640,140.81000,24.56000,99.87000,24.25000,23.37000,0
221.79098,28.94500,1.46630,140.81000,24.56000,99.87000,24.25000,23.37000,0
221.97912,28.94400,1.46630,140.81000,24.56000,99.87000,24.25000,23.37000,0
222.18354,28.94400,1.46630,140.81000,24.56000,99.87000,24.25000,23.37000,0
222.38380,28.94400,1.46640,140.81000,24.56000,99.87000,24.25000,23.37000,0
222.58671,28.94300,1.46640,140.81000,24.56000,99.87000,24.25000,23.37000,0
222.78807,28.94300,1.46640,140.81000,24.56000,99.87000,24.25000,23.37000,0
222.97447,28.94200,1.46640,140.81000,24.56000,99.87000,24.25000,23.37000,0
223.17672,28.94200,1.46640,140.81000,24.56000,99.87000,24.25000,23.37000,0
223.37779,28.94200,1.46640,140.81000,24.56000,99.87000,24.25000,23.37000,0
223.57952,28.94100,1.46640,140.81000,24.56000,99.87000,24.25000,23.37000,0
223.78174,28.94100,1.46640,140.81000,24.56000,99.87000,24.25000,23.37000,0
223.98383,28.94100,1.46630,140.81000,24.56000,99.87000,24.25000,23.37000,0
224.16953,28.94000,1.46640,140.81000,24.56000,99.87000,24.25000,23.37000,0
224.37168,28.94000,1.46640,140.81000,24.56000,99.87000,24.25000,23.37000,0
224.57286,28.94000,1.46640,140.75000,24.56000,99.87000,24.25000,23.37000,0
224.77573,28.93900,1.46640,140.69000,24.56000,99.94000,24.25000,23.37000,0
224.97902,28.93900,1.46640,140.69000,24.56000,99.94000,24.25000,23.37000,0
225.17942,28.93900,1.46640,140.63000,24.56000,99.94000,24.25000,23.37000,0
225.36735,28.93800,1.46640,140.63000,24.56000,99.94000,24.25000,23.37000,0
225.56941,28.93800,1.46630,140.63000,24.56000,99.94000,24.25000,23.37000,0
225.76870,28.93700,1.46640,140.63000,24.56000,99.94000,24.25000,23.37000,0
225.97159,28.93700,1.46640,140.63000,24.56000,99.94000,24.25000,23.37000,0
226.17429,28.93700,1.46640,140.63000,24.56000,99.94000,24.25000,23.37000,0
226.37646,28.93600,1.46640,140.63000,24.56000,99.94000,24.25000,23.37000,0
226.56281,28.93600,1.46640,140.63000,24.56000,99.94000,24.25000,23.37000,0
226.76573,28.93600,1.46640,140.56000,24.56000,99.94000,24.25000,23.37000,0
226.96656,28.93500,1.46640,140.56000,24.56000,99.94000,24.25000,23.37000,0
227.17076,28.93500,1.46640,140.56000,24.56000,99.94000,24.25000,23.37000,0
227.35983,28.93500,1.46640,140.56000,24.56000,99.87000,24.25000,23.37000,0
227.56066,28.93400,1.46640,140.56000,24.56000,99.87000,24.25000,23.37000,0
227.76374,28.93400,1.46640,140.56000,24.56000,99.87000,24.25000,23.37000,0
227.96719,28.93400,1.46640,140.50000,24.56000,99.81000,24.25000,23.37000,0
228.16692,28.93300,1.46640,140.50000,24.56000,99.81000,24.25000,23.37000,0
228.35584,28.93300,1.46640,140.50000,24.56000,99.81000,24.25000,23.37000,0
228.55645,28.93300,1.46640,140.50000,24.56000,99.81000,24.25000,23.37000,0
228.75605,28.93200,1.46640,140.50000,24.56000,99.81000,24.25000,23.37000,0
228.95750,28.93200,1.46640,140.50000,24.56000,99.81000,24.25000,23.37000,0
229.16053,28.93200,1.46640,140.50000,24.56000,99.81000,24.25000,23.37000,0
229.36226,28.93100,1.46640,140.50000,24.56000,99.81000,24.25000,23.37000,0
229.56543,28.93100,1.46640,140.50000,24.56000,99.81000,24.25000,23.37000,0
229.76445,28.93100,1.46640,140.50000,24.56000,99.81000,24.25000,23.37000,0
229.95088,28.93000,1.46640,140.44000,24.56000,99.81000,24.25000,23.37000,0
230.15243,28.93000,1.46640,140.44000,24.56000,99.81000,24.25000,23.37000,0
230.35520,28.93000,1.46640,140.44000,24.56000,99.81000,24.25000,23.37000,0
230.55943,28.92900,1.46640,140.44000,24.56000,99.81000,24.25000,23.37000,0
230.76013,28.92900,1.46640,140.44000,24.56000,99.81000,24.25000,23.37000,0
230.94735,28.92900,1.46640,140.44000,24.56000,99.81000,24.25000,23.37000,0
231.16066,28.92800,1.46640,140.44000,24.56000,99.81000,24.25000,23.37000,0
231.34589,28.92800,1.46640,140.44000,24.56000,99.81000,24.25000,23.37000,0
231.54585,28.92800,1.46640,140.38000,24.56000,99.87000,24.25000,23.37000,0
231.74640,28.92700,1.46640,140.38000,24.56000,99.87000,24.25000,23.37000,0
231.94938,28.92700,1.46640,140.38000,24.56000,99.87000,24.25000,23.37000,0
232.15178,28.92700,1.46640,140.38000,24.56000,99.94000,24.25000,23.37000,0
232.35399,28.92600,1.46640,140.38000,24.56000,99.94000,24.25000,23.37000,0
232.54192,28.92600,1.46640,140.38000,24.56000,99.94000,24.25000,23.37000,0
232.74325,28.92600,1.46640,140.38000,24.56000,99.94000,24.25000,23.37000,0
232.94492,28.92500,1.46640,140.38000,24.56000,99.94000,24.25000,23.37000,0
233.14630,28.92500,1.46630,140.38000,24.56000,99.94000,24.25000,23.37000,0
233.34513,28.92500,1.46630,140.38000,24.56000,99.94000,24.25000,23.37000,0
233.54847,28.92500,1.46630,140.38000,24.56000,99.94000,24.25000,23.37000,0
233.74935,28.92400,1.46630,140.38000,24.56000,99.94000,24.25000,23.37000,0
233.94893,28.92400,1.46630,140.38000,24.56000,99.94000,24.25000,23.37000,0
234.13555,28.92400,1.46630,140.38000,24.56000,99.94000,24.25000,23.37000,0
234.33896,28.92400,1.46630,140.38000,24.56000,99.94000,24.25000,23.37000,0
234.54035,28.92300,1.46630,140.38000,24.56000,99.94000,24.25000,23.37000,0
234.74056,28.92300,1.46630,140.38000,24.56000,99.94000,24.25000,23.37000,0
234.94173,28.92200,1.46630,140.38000,24.56000,99.94000,24.25000,23.37000,0
235.14409,28.92200,1.46630,140.38000,24.56000,99.94000,24.25000,23.37000,0
235.34477,28.92200,1.46630,140.38000,24.56000,99.94000,24.25000,23.37000,0
235.54397,28.92200,1.46630,140.38000,24.56000,99.94000,24.25000,23.37000,0
235.73072,28.92100,1.46620,140.38000,24.56000,99.94000,24.25000,23.37000,0
235.93305,28.92100,1.46620,140.38000,24.56000,99.94000,24.25000,23.37000,0
236.13472,28.92100,1.46620,140.38000,24.56000,99.94000,24.25000,23.37000,0
236.33570,28.92000,1.46620,140.38000,24.56000,99.94000,24.25000,23.37000,0
236.53851,28.92000,1.46620,140.38000,24.56000,99.81000,24.25000,23.37000,0
236.73982,28.92000,1.46610,140.38000,24.56000,99.81000,24.25000,23.37000,0
236.94173,28.92000,1.46610,140.38000,24.56000,99.81000,24.25000,23.37000,0
237.13015,28.92000,1.46610,140.38000,24.56000,99.81000,24.25000,23.37000,0
237.33324,28.91900,1.46610,140.38000,24.56000,99.81000,24.25000,23.37000,0
237.53301,28.91900,1.46610,140.38000,24.56000,99.81000,24.25000,23.37000,0
237.73664,28.91800,1.46610,140.38000,24.56000,99.81000,24.25000,23.37000,0
237.92415,28.91800,1.46610,140.38000,24.56000,99.81000,24.25000,23.37000,0
238.12496,28.91800,1.46610,140.38000,24.56000,99.81000,24.25000,23.37000,0
238.32696,28.91800,1.46610,140.38000,24.56000,99.81000,24.25000,23.37000,0
238.52670,28.91700,1.46610,140.38000,24.56000,99.81000,24.25000,23.37000,0
238.72736,28.91700,1.46610,140.38000,24.56000,99.87000,24.25000,23.37000,0
238.92874,28.91700,1.46610,140.38000,24.56000,99.87000,24.25000,23.37000,0
239.12946,28.91600,1.46610,140.38000,24.56000,99.87000,24.25000,23.37000,0
239.33103,28.91600,1.46610,140.38000,24.56000,99.87000,24.25000,23.37000,0
239.51749,28.91600,1.46610,140.38000,24.56000,99.87000,24.25000,23.37000,0
239.71830,28.91500,1.46610,140.31000,24.56000,99.87000,24.25000,23.37000,0
239.92209,28.91500,1.46610,140.31000,24.56000,99.94000,24.25000,23.37000,0
240.12395,28.91400,1.46610,140.31000,24.56000,99.94000,24.25000,23.37000,0
240.32731,28.91400,1.46610,140.31000,24.56000,99.94000,24.25000,23.37000,0
240.52872,28.91400,1.46610,140.31000,24.56000,99.94000,24.25000,23.37000,0
240.71654,28.91400,1.46610,140.31000,24.56000,99.94000,24.25000,23.37000,0
240.91635,28.91300,1.46610,140.31000,24.56000,99.94000,24.25000,23.37000,0
241.11739,28.91300,1.46610,140.31000,24.56000,99.94000,24.25000,23.37000,0
241.31984,28.91300,1.46610,140.31000,24.56000,99.94000,24.25000,23.37000,0
241.52267,28.91200,1.46610,140.31000,24.56000,99.94000,24.25000,23.37000,0
241.72490,28.91200,1.46610,140.25000,24.56000,99.94000,24.25000,23.37000,0
241.91118,28.91200,1.46610,140.25000,24.56000,99.94000,24.25000,23.37000,0
242.11153,28.91100,1.46610,140.25000,24.56000,99.94000,24.25000,23.37000,0
242.31270,28.91100,1.46610,140.25000,24.56000,99.94000,24.25000,23.37000,0
242.51638,28.91100,1.46610,140.25000,24.56000,99.94000,24.25000,23.37000,0
242.71804,28.91000,1.46600,140.25000,24.56000,99.94000,24.25000,23.37000,0
242.91942,28.91000,1.46600,140.25000,24.56000,99.94000,24.25000,23.37000,0
243.10607,28.91000,1.46610,140.25000,24.56000,99.94000,24.25000,23.37000,0
243.30682,28.91000,1.46600,140.25000,24.56000,99.94000,24.25000,23.37000,0
243.50847,28.91000,1.46600,140.25000,24.56000,99.94000,24.25000,23.37000,0
243.71186,28.90900,1.46600,140.25000,24.56000,99.94000,24.25000,23.37000,0
243.91464,28.90900,1.46600,140.25000,24.56000,99.94000,24.25000,23.37000,0
244.11542,28.90800,1.46600,140.25000,24.56000,99.94000,24.25000,23.37000,0
244.31624,28.90800,1.46600,140.19000,24.56000,99.94000,24.25000,23.37000,0
244.50276,28.90800,1.46600,140.19000,24.56000,99.94000,24.25000,23.37000,0
244.70070,28.90700,1.46590,140.19000,24.56000,99.94000,24.25000,23.37000,0
244.90167,28.90500,1.46590,140.19000,24.56000,99.94000,24.25000,23.37000,0
245.10061,28.90500,1.46590,140.19000,24.56000,99.94000,24.25000,23.37000,0
245.30290,28.90500,1.46590,140.19000,24.56000,99.94000,24.25000,23.37000,0
245.50548,28.90400,1.46590,140.19000,24.56000,99.94000,24.25000,23.37000,0
245.70573,28.90400,1.46590,140.19000,24.56000,99.94000,24.25000,23.37000,0
245.90596,28.90400,1.46550,140.19000,24.56000,99.94000,24.25000,23.37000,0
246.10856,28.88300,1.46400,140.19000,24.56000,99.94000,24.25000,23.37000,0
246.30959,28.86800,1.46420,140.19000,24.56000,99.94000,24.25000,23.37000,0
246.51039,28.86900,1.46420,140.19000,24.56000,99.94000,24.25000,23.37000,0
246.69444,28.86900,1.46410,140.19000,24.56000,99.94000,24.25000,23.37000,0
246.89665,28.86700,1.46410,140.19000,24.56000,100.00000,24.25000,23.37000,0
247.09701,28.86800,1.46420,140.19000,24.56000,100.00000,24.25000,23.37000,0
247.29880,28.86800,1.39570,140.19000,24.56000,100.00000,24.25000,23.37000,0
